ego_id,global_index,local_node_id,cluster_label
0,33,34,0
0,57,58,0
0,106,107,0
0,135,136,0
0,170,171,0
0,172,173,0
0,197,198,1
0,0,1,0
0,1,2,0
0,2,3,1
0,3,4,0
0,4,5,0
0,5,6,0
0,6,7,0
0,7,8,0
0,8,9,0
0,9,10,1
0,10,11,0
0,11,12,0
0,12,13,0
0,13,14,0
0,14,15,0
0,15,16,0
0,16,17,0
0,17,18,0
0,18,19,0
0,19,20,0
0,20,21,0
0,21,22,0
0,22,23,0
0,23,24,0
0,24,25,1
0,25,26,0
0,26,27,0
0,27,28,0
0,28,29,1
0,29,30,0
0,30,31,0
0,31,32,0
0,32,33,0
0,34,35,0
0,35,36,0
0,36,37,0
0,37,38,1
0,38,39,0
0,39,40,1
0,40,41,0
0,41,42,0
0,42,43,0
0,43,44,0
0,44,45,0
0,45,46,0
0,46,47,0
0,47,48,0
0,48,49,0
0,49,50,0
0,50,51,0
0,51,52,0
0,52,53,0
0,53,54,0
0,54,55,0
0,55,56,1
0,56,57,0
0,58,59,0
0,59,60,0
0,60,61,0
0,61,62,0
0,62,63,1
0,63,64,0
0,64,65,0
0,65,66,0
0,66,67,1
0,67,68,0
0,68,69,1
0,69,70,1
0,70,71,1
0,71,72,1
0,72,73,1
0,73,74,0
0,74,75,0
0,75,76,0
0,76,77,0
0,77,78,0
0,78,79,0
0,79,80,1
0,80,81,0
0,81,82,1
0,82,83,0
0,83,84,0
0,84,85,0
0,85,86,0
0,86,87,0
0,87,88,0
0,88,89,0
0,89,90,0
0,90,91,0
0,91,92,0
0,92,93,0
0,93,94,0
0,94,95,0
0,95,96,0
0,96,97,0
0,97,98,0
0,98,99,0
0,99,100,1
0,100,101,0
0,101,102,0
0,102,103,1
0,103,104,0
0,104,105,1
0,105,106,0
0,107,108,0
0,108,109,1
0,109,110,0
0,110,111,0
0,111,112,0
0,112,113,1
0,113,114,0
0,114,115,0
0,115,116,0
0,116,117,0
0,117,118,1
0,118,119,1
0,119,120,1
0,120,121,0
0,121,122,0
0,122,123,0
0,123,124,0
0,124,125,0
0,125,126,0
0,126,127,0
0,127,128,0
0,128,129,0
0,129,130,0
0,130,131,0
0,131,132,1
0,132,133,0
0,133,134,0
0,134,135,0
0,136,137,0
0,137,138,0
0,138,139,1
0,139,140,0
0,140,141,1
0,141,142,0
0,142,143,0
0,143,144,0
0,144,145,0
0,145,146,0
0,146,147,0
0,147,148,1
0,148,149,0
0,149,150,1
0,150,151,0
0,151,152,1
0,152,153,0
0,153,154,0
0,154,155,0
0,155,156,1
0,156,157,0
0,157,158,1
0,158,159,0
0,159,160,0
0,160,161,1
0,161,162,0
0,162,163,0
0,163,164,0
0,164,165,0
0,165,166,0
0,166,167,0
0,167,168,0
0,168,169,0
0,169,170,1
0,171,172,1
0,173,174,0
0,174,175,0
0,175,176,1
0,176,177,0
0,177,178,0
0,178,179,0
0,179,180,0
0,180,181,0
0,181,182,1
0,182,183,1
0,183,184,0
0,184,185,0
0,185,186,0
0,186,187,0
0,187,188,1
0,188,189,0
0,189,190,0
0,190,191,0
0,191,192,0
0,192,193,0
0,193,194,0
0,194,195,0
0,195,196,1
0,196,197,0
0,198,199,0
0,199,200,1
0,200,201,0
0,201,202,0
0,202,203,1
0,203,204,1
0,204,205,0
0,205,206,1
0,206,207,0
0,207,208,1
0,208,209,0
0,209,210,0
0,210,211,1
0,211,212,1
0,212,213,1
0,213,214,0
0,214,215,0
0,215,216,0
0,216,217,0
0,217,218,0
0,218,219,0
0,219,220,0
0,220,221,0
0,221,222,1
0,222,223,0
0,223,224,1
0,224,225,0
0,225,226,0
0,226,227,0
0,227,228,0
0,228,229,0
0,229,230,0
0,230,231,0
0,231,232,1
0,232,233,0
0,233,234,0
0,234,235,0
0,235,236,1
0,236,237,1
0,237,238,0
0,238,239,0
0,239,240,0
0,240,241,0
0,241,242,0
0,242,243,0
0,243,244,0
0,244,245,0
0,245,246,0
0,246,247,1
0,247,248,1
0,248,249,0
0,249,250,0
0,250,251,0
0,251,252,1
0,252,253,0
0,253,254,1
0,254,255,0
0,255,256,0
0,256,257,0
0,257,258,1
0,258,259,0
0,259,260,0
0,260,261,1
0,261,262,0
0,262,263,0
0,263,264,0
0,264,265,1
0,265,266,0
0,266,267,0
0,267,268,0
0,268,269,1
0,269,270,0
0,270,271,1
0,271,272,0
0,272,273,0
0,273,274,1
0,274,275,0
0,275,276,1
0,276,277,0
0,277,278,0
0,278,279,0
0,279,280,0
0,280,281,1
0,281,282,0
0,282,283,1
0,283,284,0
0,284,285,1
0,285,286,0
0,286,287,0
0,287,288,0
0,288,289,0
0,289,290,0
0,290,291,1
0,291,292,0
0,292,293,0
0,293,294,0
0,294,295,0
0,295,296,0
0,296,297,1
0,297,298,0
0,298,299,0
0,299,300,0
0,300,301,0
0,301,302,0
0,302,303,0
0,303,304,0
0,304,305,0
0,305,306,0
0,306,307,0
0,307,308,0
0,308,309,0
0,309,310,0
0,310,311,0
0,311,312,0
0,312,313,0
0,313,314,1
0,314,315,0
0,315,316,0
0,316,317,0
0,317,318,0
0,318,319,0
0,319,320,0
0,320,321,0
0,321,322,0
0,322,323,1
0,323,324,0
0,324,325,0
0,325,326,0
0,326,327,0
0,327,328,0
0,328,329,0
0,329,330,1
0,330,331,1
0,331,332,1
0,332,333,0
0,333,334,0
0,334,335,0
0,335,336,0
0,336,337,0
0,337,338,0
0,338,339,1
0,339,340,0
0,340,341,0
0,341,342,0
0,342,343,0
0,343,344,0
0,344,345,0
0,345,346,1
0,346,347,0
348,1392,4039,1
348,1393,4049,0
348,1394,4051,0
348,1399,4053,1
348,1409,4054,0
348,1412,4056,1
348,1416,370,0
348,1419,373,0
348,1420,374,0
348,1422,4060,0
348,1424,378,0
348,1435,4063,1
348,1437,391,1
348,1440,394,0
348,1441,395,0
348,1446,400,0
348,1458,412,1
348,1460,4069,0
348,1466,4070,0
348,1468,422,0
348,1469,423,0
348,1473,427,0
348,1474,4074,0
348,1477,431,1
348,1480,434,0
348,1482,436,1
348,1484,438,0
348,1507,461,1
348,1511,465,1
348,1521,4083,0
348,1526,480,0
348,1529,4086,0
348,1530,4088,0
348,1538,492,1
348,1542,496,0
348,1546,500,1
348,1552,506,1
348,1559,513,1
348,1560,514,0
348,1561,515,0
348,1563,4096,1
348,1570,524,0
348,1572,4098,1
348,1584,4099,0
348,1588,542,0
348,1590,544,0
348,1599,553,0
348,1602,556,0
348,1604,558,0
348,1605,559,0
348,1607,561,0
348,1609,4107,1
348,1612,4110,0
348,1613,567,0
348,1395,349,0
348,1396,350,0
348,1397,351,0
348,1398,352,0
348,1400,354,0
348,1401,355,0
348,1402,356,1
348,1403,357,1
348,1404,358,1
348,1405,359,0
348,1406,360,1
348,1407,361,0
348,1408,362,0
348,1410,364,0
348,1411,365,0
348,1413,367,0
348,1414,368,0
348,1415,369,0
348,1417,371,1
348,1418,372,1
348,1421,375,1
348,1423,377,1
348,1425,379,1
348,1426,380,1
348,1427,381,1
348,1428,382,0
348,1429,383,0
348,1430,384,1
348,1431,385,1
348,1432,386,0
348,1433,387,0
348,1434,388,0
348,1436,390,1
348,1438,392,0
348,1439,393,1
348,1442,396,0
348,1443,397,0
348,1444,398,0
348,1445,399,0
348,1447,401,1
348,1448,402,0
348,1449,403,0
348,1450,404,1
348,1451,405,0
348,1452,406,1
348,1453,407,0
348,1454,408,0
348,1455,409,1
348,1456,410,1
348,1457,411,1
348,1459,413,1
348,1461,415,1
348,1462,416,0
348,1463,417,1
348,1464,418,0
348,1465,419,0
348,1467,421,0
348,1470,424,1
348,1471,425,1
348,1472,426,1
348,1475,429,1
348,1476,430,1
348,1478,432,0
348,1479,433,0
348,1481,435,0
348,1483,437,0
348,1485,439,0
348,1486,440,0
348,1487,441,1
348,1488,442,1
348,1489,443,0
348,1490,444,0
348,1491,445,0
348,1492,446,1
348,1493,447,1
348,1494,448,1
348,1495,449,1
348,1496,450,0
348,1497,451,0
348,1498,452,0
348,1499,453,1
348,1500,454,0
348,1501,455,0
348,1502,456,0
348,1503,457,0
348,1504,458,0
348,1505,459,1
348,1506,460,0
348,1508,462,0
348,1509,463,1
348,1510,464,1
348,1512,466,1
348,1513,467,1
348,1514,468,1
348,1515,469,0
348,1516,470,1
348,1517,471,0
348,1518,472,1
348,1519,473,0
348,1520,474,0
348,1522,476,1
348,1523,477,0
348,1524,478,0
348,1525,479,0
348,1527,481,0
348,1528,482,1
348,1531,485,1
348,1532,486,0
348,1533,487,0
348,1534,488,0
348,1535,489,0
348,1536,490,0
348,1537,491,0
348,1539,493,0
348,1540,494,0
348,1541,495,1
348,1543,497,0
348,1544,498,1
348,1545,499,1
348,1547,501,1
348,1548,502,0
348,1549,503,0
348,1550,504,0
348,1551,505,1
348,1553,507,1
348,1554,508,0
348,1555,509,1
348,1556,510,0
348,1557,511,1
348,1558,512,0
348,1562,516,0
348,1564,518,0
348,1565,519,0
348,1566,520,0
348,1567,521,1
348,1568,522,1
348,1569,523,0
348,1571,525,0
348,1573,527,1
348,1574,528,1
348,1575,529,1
348,1576,530,0
348,1577,531,0
348,1578,532,0
348,1579,533,0
348,1580,534,0
348,1581,535,0
348,1582,536,1
348,1583,537,0
348,1585,539,0
348,1586,540,0
348,1587,541,0
348,1589,543,0
348,1591,545,0
348,1592,546,0
348,1593,547,0
348,1594,548,0
348,1595,549,0
348,1596,550,1
348,1597,551,0
348,1598,552,1
348,1600,554,1
348,1601,555,0
348,1603,557,0
348,1606,560,0
348,1608,562,0
348,1610,564,1
348,1611,565,1
348,1614,568,1
348,1615,569,0
348,1616,570,0
348,1617,571,1
348,1618,572,1
414,1619,4040,0
414,1620,4044,0
414,1621,4050,0
414,1622,4052,0
414,1623,4055,0
414,1624,4057,0
414,1625,4058,0
414,1626,4059,0
414,1627,4061,0
414,1628,4062,0
414,1629,4064,1
414,1630,4065,0
414,1631,4066,0
414,1632,4067,0
414,1633,4068,1
414,1634,4071,0
414,1635,4072,0
414,1636,4073,0
414,1637,4075,0
414,1638,4077,1
414,1639,4078,0
414,1640,4079,1
414,1641,4080,0
414,1642,4081,1
414,1643,4082,1
414,1644,4084,0
414,1645,4085,0
414,1646,4087,0
414,1647,4089,1
414,1648,4090,0
414,1649,4091,1
414,1650,4092,1
414,1651,4093,1
414,1652,4094,0
414,1653,4095,0
414,1654,4097,0
414,1655,4100,0
414,1656,4101,0
414,1657,4102,0
414,1658,4103,0
414,1659,4104,0
414,1660,4105,0
414,1661,4106,0
414,1662,4108,0
414,1663,4111,0
414,1664,4112,0
414,1672,4114,0
414,1686,594,0
414,1688,4116,1
414,1693,4117,0
414,1698,4118,0
414,1721,4119,0
414,1729,4120,1
414,1733,4121,0
414,1741,4122,0
414,1743,4123,1
414,1665,573,0
414,1666,574,0
414,1667,575,0
414,1668,576,0
414,1669,577,0
414,1670,578,0
414,1671,579,0
414,1673,581,1
414,1674,582,0
414,1675,583,0
414,1676,584,0
414,1677,585,0
414,1678,586,1
414,1679,587,0
414,1680,588,0
414,1681,589,0
414,1682,590,0
414,1683,591,0
414,1684,592,0
414,1685,593,0
414,1687,595,0
414,1689,597,1
414,1690,598,0
414,1691,599,0
414,1692,600,1
414,1694,602,1
414,1695,603,0
414,1696,604,0
414,1697,605,0
414,1699,607,1
414,1700,608,1
414,1701,609,1
414,1702,610,1
414,1703,611,0
414,1704,612,0
414,1705,613,1
414,1706,614,0
414,1707,615,1
414,1708,616,0
414,1709,617,0
414,1710,618,0
414,1711,619,0
414,1712,620,1
414,1713,621,0
414,1714,622,0
414,1715,623,1
414,1716,624,1
414,1717,625,0
414,1718,626,0
414,1719,627,0
414,1720,628,0
414,1722,630,0
414,1723,631,0
414,1724,632,0
414,1725,633,0
414,1726,634,0
414,1727,635,0
414,1728,636,0
414,1730,638,1
414,1731,639,0
414,1732,640,0
414,1734,642,1
414,1735,643,0
414,1736,644,0
414,1737,645,1
414,1738,646,0
414,1739,647,0
414,1740,648,0
414,1742,650,1
414,1744,652,0
414,1745,653,0
414,1746,654,0
414,1747,655,0
414,1748,656,0
414,1749,657,0
414,1750,658,0
414,1751,659,1
414,1752,660,1
414,1753,661,1
414,1754,662,0
414,1755,663,0
414,1756,664,0
414,1757,665,0
414,1758,666,0
414,1759,667,1
414,1760,668,1
414,1761,669,1
414,1762,670,1
414,1763,671,0
414,1764,672,1
414,1765,673,0
414,1766,674,1
414,1767,675,0
414,1768,676,0
414,1769,677,0
414,1770,678,0
414,1771,679,0
414,1772,680,0
414,1773,681,0
414,1774,682,0
414,1775,683,1
414,1776,684,0
414,1777,685,0
107,348,4041,1
107,349,4047,1
107,350,348,1
107,351,353,2
107,352,363,1
107,353,366,2
107,354,376,1
107,355,389,2
107,356,414,1
107,357,420,1
107,358,428,3
107,359,475,0
107,360,483,1
107,361,484,1
107,362,517,1
107,363,526,2
107,364,538,1
107,365,563,1
107,366,566,1
107,367,580,1
107,368,596,3
107,369,601,1
107,370,606,1
107,371,629,1
107,372,637,2
107,373,641,0
107,374,649,1
107,375,651,2
107,470,990,2
107,565,1085,3
107,651,1171,0
107,885,1405,1
107,899,1419,2
107,930,1450,1
107,945,1465,3
107,985,1505,2
107,1014,1534,2
107,1057,1577,1
107,1122,1642,2
107,1136,1656,3
107,1146,1666,2
107,1198,1718,1
107,1206,1726,3
107,1238,1758,2
107,347,0,2
107,376,896,1
107,377,897,2
107,378,898,0
107,379,899,2
107,380,900,1
107,381,901,2
107,382,902,1
107,383,903,2
107,384,904,1
107,385,905,2
107,386,906,2
107,387,907,2
107,388,908,0
107,389,909,3
107,390,910,2
107,391,911,2
107,392,912,2
107,393,913,3
107,394,914,0
107,395,915,3
107,396,916,1
107,397,917,3
107,398,918,2
107,399,919,1
107,400,920,1
107,401,921,3
107,402,922,1
107,403,923,2
107,404,924,0
107,405,925,1
107,406,926,2
107,407,927,2
107,408,928,3
107,409,929,2
107,410,930,3
107,411,931,1
107,412,932,3
107,413,933,1
107,414,934,1
107,415,935,1
107,416,936,1
107,417,937,0
107,418,938,2
107,419,939,3
107,420,940,1
107,421,941,0
107,422,942,1
107,423,943,2
107,424,944,1
107,425,945,1
107,426,946,1
107,427,947,3
107,428,948,1
107,429,949,1
107,430,950,0
107,431,951,1
107,432,952,1
107,433,953,1
107,434,954,0
107,435,955,2
107,436,956,2
107,437,957,1
107,438,958,2
107,439,959,2
107,440,960,1
107,441,961,3
107,442,962,1
107,443,963,3
107,444,964,1
107,445,965,1
107,446,966,1
107,447,967,2
107,448,968,1
107,449,969,2
107,450,970,2
107,451,971,1
107,452,972,2
107,453,973,2
107,454,974,2
107,455,975,1
107,456,976,1
107,457,977,2
107,458,978,0
107,459,979,3
107,460,980,0
107,461,981,1
107,462,982,2
107,463,983,2
107,464,984,2
107,465,985,2
107,466,986,1
107,467,987,3
107,468,988,1
107,469,989,1
107,471,991,2
107,472,992,3
107,473,993,1
107,474,994,0
107,475,995,1
107,476,996,2
107,477,997,1
107,478,998,1
107,479,999,1
107,480,1000,2
107,481,1001,3
107,482,1002,2
107,483,1003,1
107,484,1004,1
107,485,1005,1
107,486,1006,1
107,487,1007,1
107,488,1008,1
107,489,1009,2
107,490,1010,2
107,491,1011,1
107,492,1012,2
107,493,1013,2
107,494,1014,1
107,495,1015,1
107,496,1016,3
107,497,1017,2
107,498,1018,1
107,499,1019,0
107,500,1020,1
107,501,1021,1
107,502,1022,1
107,503,1023,0
107,504,1024,2
107,505,1025,0
107,506,1026,0
107,507,1027,2
107,508,1028,2
107,509,1029,3
107,510,1030,1
107,511,1031,2
107,512,1032,0
107,513,1033,1
107,514,1034,2
107,515,1035,1
107,516,1036,1
107,517,1037,1
107,518,1038,2
107,519,1039,2
107,520,1040,0
107,521,1041,1
107,522,1042,2
107,523,1043,2
107,524,1044,1
107,525,1045,1
107,526,1046,1
107,527,1047,1
107,528,1048,1
107,529,1049,2
107,530,1050,2
107,531,1051,1
107,532,1052,1
107,533,1053,2
107,534,1054,1
107,535,1055,3
107,536,1056,0
107,537,1057,2
107,538,1058,2
107,539,1059,1
107,540,1060,1
107,541,1061,2
107,542,1062,1
107,543,1063,2
107,544,1064,1
107,545,1065,2
107,546,1066,1
107,547,1067,1
107,548,1068,2
107,549,1069,2
107,550,1070,1
107,551,1071,0
107,552,1072,2
107,553,1073,1
107,554,1074,3
107,555,1075,1
107,556,1076,1
107,557,1077,1
107,558,1078,1
107,559,1079,2
107,560,1080,2
107,561,1081,1
107,562,1082,1
107,563,1083,1
107,564,1084,1
107,566,1086,1
107,567,1087,1
107,568,1088,2
107,569,1089,2
107,570,1090,0
107,571,1091,2
107,572,1092,1
107,573,1093,1
107,574,1094,2
107,575,1095,1
107,576,1096,1
107,577,1097,1
107,578,1098,2
107,579,1099,1
107,580,1100,1
107,581,1101,1
107,582,1102,2
107,583,1103,1
107,584,1104,0
107,585,1105,2
107,586,1106,1
107,587,1107,0
107,588,1108,1
107,589,1109,0
107,590,1110,1
107,591,1111,3
107,592,1112,1
107,593,1113,1
107,594,1114,1
107,595,1115,0
107,596,1116,2
107,597,1117,2
107,598,1118,1
107,599,1119,1
107,600,1120,1
107,601,1121,2
107,602,1122,1
107,603,1123,2
107,604,1124,0
107,605,1125,0
107,606,1126,1
107,607,1127,2
107,608,1128,1
107,609,1129,1
107,610,1130,2
107,611,1131,1
107,612,1132,1
107,613,1133,2
107,614,1134,2
107,615,1135,0
107,616,1136,1
107,617,1137,2
107,618,1138,1
107,619,1139,1
107,620,1140,2
107,621,1141,1
107,622,1142,1
107,623,1143,1
107,624,1144,2
107,625,1145,1
107,626,1146,1
107,627,1147,1
107,628,1148,1
107,629,1149,1
107,630,1150,2
107,631,1151,1
107,632,1152,1
107,633,1153,1
107,634,1154,3
107,635,1155,2
107,636,1156,1
107,637,1157,0
107,638,1158,1
107,639,1159,1
107,640,1160,1
107,641,1161,0
107,642,1162,1
107,643,1163,2
107,644,1164,0
107,645,1165,3
107,646,1166,1
107,647,1167,2
107,648,1168,1
107,649,1169,2
107,650,1170,3
107,652,1172,1
107,653,1173,3
107,654,1174,2
107,655,1175,2
107,656,1176,2
107,657,1177,2
107,658,1178,2
107,659,1179,1
107,660,1180,1
107,661,1181,1
107,662,1182,0
107,663,1183,0
107,664,1184,0
107,665,1185,1
107,666,1186,2
107,667,1187,2
107,668,1188,1
107,669,1189,3
107,670,1190,1
107,671,1191,2
107,672,1192,1
107,673,1193,1
107,674,1194,1
107,675,1195,3
107,676,1196,1
107,677,1197,3
107,678,1198,1
107,679,1199,1
107,680,1200,2
107,681,1201,3
107,682,1202,0
107,683,1203,3
107,684,1204,1
107,685,1205,1
107,686,1206,1
107,687,1207,1
107,688,1208,2
107,689,1209,1
107,690,1210,2
107,691,1211,1
107,692,1212,2
107,693,1213,3
107,694,1214,2
107,695,1215,1
107,696,1216,2
107,697,1217,1
107,698,1218,1
107,699,1219,1
107,700,1220,2
107,701,1221,2
107,702,1222,0
107,703,1223,1
107,704,1224,1
107,705,1225,1
107,706,1226,2
107,707,1227,1
107,708,1228,1
107,709,1229,1
107,710,1230,3
107,711,1231,1
107,712,1232,0
107,713,1233,1
107,714,1234,1
107,715,1235,1
107,716,1236,0
107,717,1237,1
107,718,1238,1
107,719,1239,3
107,720,1240,0
107,721,1241,2
107,722,1242,1
107,723,1243,1
107,724,1244,2
107,725,1245,2
107,726,1246,1
107,727,1247,0
107,728,1248,0
107,729,1249,0
107,730,1250,1
107,731,1251,2
107,732,1252,1
107,733,1253,2
107,734,1254,2
107,735,1255,1
107,736,1256,3
107,737,1257,1
107,738,1258,0
107,739,1259,1
107,740,1260,2
107,741,1261,1
107,742,1262,0
107,743,1263,2
107,744,1264,0
107,745,1265,2
107,746,1266,2
107,747,1267,1
107,748,1268,2
107,749,1269,1
107,750,1270,2
107,751,1271,0
107,752,1272,1
107,753,1273,2
107,754,1274,1
107,755,1275,0
107,756,1276,1
107,757,1277,1
107,758,1278,1
107,759,1279,1
107,760,1280,0
107,761,1281,1
107,762,1282,1
107,763,1283,2
107,764,1284,1
107,765,1285,1
107,766,1286,2
107,767,1287,1
107,768,1288,1
107,769,1289,2
107,770,1290,1
107,771,1291,1
107,772,1292,1
107,773,1293,1
107,774,1294,0
107,775,1295,1
107,776,1296,1
107,777,1297,1
107,778,1298,2
107,779,1299,0
107,780,1300,3
107,781,1301,0
107,782,1302,1
107,783,1303,0
107,784,1304,0
107,785,1305,0
107,786,1306,3
107,787,1307,1
107,788,1308,2
107,789,1309,1
107,790,1310,1
107,791,1311,1
107,792,1312,0
107,793,1313,0
107,794,1314,3
107,795,1315,2
107,796,1316,2
107,797,1317,2
107,798,1318,0
107,799,1319,3
107,800,1320,0
107,801,1321,1
107,802,1322,0
107,803,1323,2
107,804,1324,1
107,805,1325,3
107,806,1326,2
107,807,1327,1
107,808,1328,2
107,809,1329,1
107,810,1330,1
107,811,1331,1
107,812,1332,1
107,813,1333,3
107,814,1334,0
107,815,1335,0
107,816,1336,1
107,817,1337,1
107,818,1338,0
107,819,1339,2
107,820,1340,1
107,821,1341,1
107,822,1342,1
107,823,1343,1
107,824,1344,1
107,825,1345,1
107,826,1346,2
107,827,1347,2
107,828,1348,2
107,829,1349,1
107,830,1350,1
107,831,1351,2
107,832,1352,1
107,833,1353,1
107,834,1354,1
107,835,1355,1
107,836,1356,1
107,837,1357,3
107,838,1358,2
107,839,1359,1
107,840,1360,1
107,841,1361,1
107,842,1362,0
107,843,1363,1
107,844,1364,0
107,845,1365,2
107,846,1366,1
107,847,1367,1
107,848,1368,2
107,849,1369,2
107,850,1370,1
107,851,1371,1
107,852,1372,1
107,853,1373,1
107,854,1374,1
107,855,1375,1
107,856,1376,1
107,857,1377,0
107,858,1378,1
107,859,1379,1
107,860,1380,1
107,861,1381,1
107,862,1382,2
107,863,1383,1
107,864,1384,1
107,865,1385,3
107,866,1386,2
107,867,1387,1
107,868,1388,0
107,869,1389,2
107,870,1390,0
107,871,1391,1
107,872,1392,1
107,873,1393,1
107,874,1394,3
107,875,1395,2
107,876,1396,1
107,877,1397,1
107,878,1398,2
107,879,1399,1
107,880,1400,1
107,881,1401,2
107,882,1402,1
107,883,1403,2
107,884,1404,1
107,886,1406,2
107,887,1407,1
107,888,1408,0
107,889,1409,2
107,890,1410,1
107,891,1411,2
107,892,1412,2
107,893,1413,1
107,894,1414,2
107,895,1415,2
107,896,1416,0
107,897,1417,1
107,898,1418,1
107,900,1420,3
107,901,1421,0
107,902,1422,1
107,903,1423,1
107,904,1424,3
107,905,1425,1
107,906,1426,1
107,907,1427,1
107,908,1428,1
107,909,1429,1
107,910,1430,1
107,911,1431,3
107,912,1432,1
107,913,1433,3
107,914,1434,2
107,915,1435,1
107,916,1436,2
107,917,1437,0
107,918,1438,1
107,919,1439,1
107,920,1440,0
107,921,1441,2
107,922,1442,2
107,923,1443,0
107,924,1444,1
107,925,1445,3
107,926,1446,0
107,927,1447,2
107,928,1448,1
107,929,1449,2
107,931,1451,2
107,932,1452,1
107,933,1453,0
107,934,1454,2
107,935,1455,2
107,936,1456,0
107,937,1457,1
107,938,1458,0
107,939,1459,1
107,940,1460,1
107,941,1461,2
107,942,1462,1
107,943,1463,2
107,944,1464,1
107,946,1466,2
107,947,1467,1
107,948,1468,3
107,949,1469,3
107,950,1470,0
107,951,1471,1
107,952,1472,2
107,953,1473,3
107,954,1474,2
107,955,1475,1
107,956,1476,1
107,957,1477,2
107,958,1478,1
107,959,1479,1
107,960,1480,2
107,961,1481,2
107,962,1482,1
107,963,1483,1
107,964,1484,1
107,965,1485,1
107,966,1486,1
107,967,1487,1
107,968,1488,3
107,969,1489,1
107,970,1490,1
107,971,1491,3
107,972,1492,1
107,973,1493,2
107,974,1494,2
107,975,1495,1
107,976,1496,0
107,977,1497,3
107,978,1498,1
107,979,1499,1
107,980,1500,1
107,981,1501,3
107,982,1502,1
107,983,1503,1
107,984,1504,1
107,986,1506,2
107,987,1507,1
107,988,1508,2
107,989,1509,2
107,990,1510,1
107,991,1511,2
107,992,1512,1
107,993,1513,2
107,994,1514,2
107,995,1515,0
107,996,1516,2
107,997,1517,0
107,998,1518,1
107,999,1519,2
107,1000,1520,2
107,1001,1521,1
107,1002,1522,2
107,1003,1523,2
107,1004,1524,2
107,1005,1525,1
107,1006,1526,2
107,1007,1527,2
107,1008,1528,1
107,1009,1529,1
107,1010,1530,1
107,1011,1531,3
107,1012,1532,1
107,1013,1533,2
107,1015,1535,1
107,1016,1536,0
107,1017,1537,0
107,1018,1538,1
107,1019,1539,1
107,1020,1540,2
107,1021,1541,1
107,1022,1542,1
107,1023,1543,1
107,1024,1544,1
107,1025,1545,3
107,1026,1546,1
107,1027,1547,1
107,1028,1548,1
107,1029,1549,3
107,1030,1550,1
107,1031,1551,3
107,1032,1552,3
107,1033,1553,1
107,1034,1554,0
107,1035,1555,2
107,1036,1556,1
107,1037,1557,1
107,1038,1558,1
107,1039,1559,2
107,1040,1560,2
107,1041,1561,1
107,1042,1562,3
107,1043,1563,1
107,1044,1564,1
107,1045,1565,1
107,1046,1566,3
107,1047,1567,2
107,1048,1568,3
107,1049,1569,2
107,1050,1570,0
107,1051,1571,3
107,1052,1572,1
107,1053,1573,3
107,1054,1574,0
107,1055,1575,1
107,1056,1576,1
107,1058,1578,1
107,1059,1579,2
107,1060,1580,1
107,1061,1581,2
107,1062,1582,1
107,1063,1583,1
107,1064,1584,1
107,1065,1585,1
107,1066,1586,2
107,1067,1587,1
107,1068,1588,0
107,1069,1589,0
107,1070,1590,2
107,1071,1591,1
107,1072,1592,1
107,1073,1593,2
107,1074,1594,1
107,1075,1595,1
107,1076,1596,1
107,1077,1597,2
107,1078,1598,1
107,1079,1599,2
107,1080,1600,1
107,1081,1601,2
107,1082,1602,2
107,1083,1603,1
107,1084,1604,1
107,1085,1605,1
107,1086,1606,1
107,1087,1607,2
107,1088,1608,1
107,1089,1609,1
107,1090,1610,0
107,1091,1611,1
107,1092,1612,1
107,1093,1613,1
107,1094,1614,2
107,1095,1615,3
107,1096,1616,2
107,1097,1617,2
107,1098,1618,1
107,1099,1619,1
107,1100,1620,1
107,1101,1621,1
107,1102,1622,0
107,1103,1623,1
107,1104,1624,3
107,1105,1625,0
107,1106,1626,0
107,1107,1627,2
107,1108,1628,1
107,1109,1629,3
107,1110,1630,1
107,1111,1631,1
107,1112,1632,1
107,1113,1633,1
107,1114,1634,0
107,1115,1635,1
107,1116,1636,1
107,1117,1637,2
107,1118,1638,2
107,1119,1639,3
107,1120,1640,2
107,1121,1641,3
107,1123,1643,2
107,1124,1644,1
107,1125,1645,3
107,1126,1646,0
107,1127,1647,1
107,1128,1648,2
107,1129,1649,1
107,1130,1650,1
107,1131,1651,2
107,1132,1652,1
107,1133,1653,1
107,1134,1654,2
107,1135,1655,2
107,1137,1657,2
107,1138,1658,1
107,1139,1659,1
107,1140,1660,1
107,1141,1661,1
107,1142,1662,2
107,1143,1663,1
107,1144,1664,2
107,1145,1665,1
107,1147,1667,1
107,1148,1668,1
107,1149,1669,2
107,1150,1670,3
107,1151,1671,2
107,1152,1672,1
107,1153,1673,1
107,1154,1674,2
107,1155,1675,1
107,1156,1676,1
107,1157,1677,1
107,1158,1678,1
107,1159,1679,1
107,1160,1680,1
107,1161,1681,1
107,1162,1682,0
107,1163,1683,1
107,1164,1684,1
107,1165,1685,2
107,1166,1686,1
107,1167,1687,3
107,1168,1688,2
107,1169,1689,2
107,1170,1690,2
107,1171,1691,1
107,1172,1692,1
107,1173,1693,3
107,1174,1694,1
107,1175,1695,1
107,1176,1696,1
107,1177,1697,3
107,1178,1698,1
107,1179,1699,1
107,1180,1700,2
107,1181,1701,3
107,1182,1702,1
107,1183,1703,0
107,1184,1704,2
107,1185,1705,2
107,1186,1706,1
107,1187,1707,1
107,1188,1708,3
107,1189,1709,1
107,1190,1710,1
107,1191,1711,3
107,1192,1712,1
107,1193,1713,1
107,1194,1714,2
107,1195,1715,1
107,1196,1716,2
107,1197,1717,3
107,1199,1719,0
107,1200,1720,1
107,1201,1721,1
107,1202,1722,0
107,1203,1723,2
107,1204,1724,1
107,1205,1725,1
107,1207,1727,1
107,1208,1728,1
107,1209,1729,0
107,1210,1730,0
107,1211,1731,1
107,1212,1732,1
107,1213,1733,3
107,1214,1734,2
107,1215,1735,2
107,1216,1736,0
107,1217,1737,1
107,1218,1738,0
107,1219,1739,2
107,1220,1740,2
107,1221,1741,1
107,1222,1742,3
107,1223,1743,1
107,1224,1744,3
107,1225,1745,1
107,1226,1746,1
107,1227,1747,2
107,1228,1748,1
107,1229,1749,0
107,1230,1750,1
107,1231,1751,1
107,1232,1752,1
107,1233,1753,3
107,1234,1754,2
107,1235,1755,0
107,1236,1756,1
107,1237,1757,1
107,1239,1759,2
107,1240,1760,0
107,1241,1761,1
107,1242,1762,2
107,1243,1763,1
107,1244,1764,1
107,1245,1765,1
107,1246,1766,1
107,1247,1767,0
107,1248,1768,0
107,1249,1769,2
107,1250,1770,3
107,1251,1771,1
107,1252,1772,1
107,1253,1773,1
107,1254,1774,2
107,1255,1775,2
107,1256,1776,1
107,1257,1777,1
107,1258,1778,3
107,1259,1779,3
107,1260,1780,2
107,1261,1781,1
107,1262,1782,1
107,1263,1783,1
107,1264,1784,1
107,1265,1785,2
107,1266,1786,1
107,1267,1787,2
107,1268,1788,3
107,1269,1789,1
107,1270,1790,2
107,1271,1791,0
107,1272,1792,3
107,1273,1793,2
107,1274,1794,1
107,1275,1795,2
107,1276,1796,0
107,1277,1797,2
107,1278,1798,3
107,1279,1799,1
107,1280,1800,0
107,1281,1801,1
107,1282,1802,2
107,1283,1803,2
107,1284,1804,0
107,1285,1805,1
107,1286,1806,1
107,1287,1807,3
107,1288,1808,2
107,1289,1809,1
107,1290,1810,1
107,1291,1811,1
107,1292,1812,1
107,1293,1813,2
107,1294,1814,1
107,1295,1815,2
107,1296,1816,0
107,1297,1817,2
107,1298,1818,1
107,1299,1819,1
107,1300,1820,1
107,1301,1821,1
107,1302,1822,0
107,1303,1823,1
107,1304,1824,1
107,1305,1825,3
107,1306,1826,1
107,1307,1827,0
107,1308,1828,1
107,1309,1829,3
107,1310,1830,1
107,1311,1831,2
107,1312,1832,0
107,1313,1833,1
107,1314,1834,0
107,1315,1835,0
107,1316,1836,2
107,1317,1837,3
107,1318,1838,2
107,1319,1839,1
107,1320,1840,0
107,1321,1841,1
107,1322,1842,2
107,1323,1843,1
107,1324,1844,1
107,1325,1845,3
107,1326,1846,3
107,1327,1847,2
107,1328,1848,2
107,1329,1849,2
107,1330,1850,0
107,1331,1851,1
107,1332,1852,2
107,1333,1853,1
107,1334,1854,1
107,1335,1855,2
107,1336,1856,2
107,1337,1857,1
107,1338,1858,2
107,1339,1859,1
107,1340,1860,0
107,1341,1861,0
107,1342,1862,1
107,1343,1863,0
107,1344,1864,1
107,1345,1865,1
107,1346,1866,2
107,1347,1867,1
107,1348,1868,1
107,1349,1869,2
107,1350,1870,1
107,1351,1871,2
107,1352,1872,1
107,1353,1873,1
107,1354,1874,1
107,1355,1875,0
107,1356,1876,3
107,1357,1877,1
107,1358,1878,1
107,1359,1879,1
107,1360,1880,3
107,1361,1881,0
107,1362,1882,1
107,1363,1883,2
107,1364,1884,1
107,1365,1885,3
107,1366,1886,1
107,1367,1887,1
107,1368,1888,1
107,1369,1889,2
107,1370,1890,0
107,1371,1891,1
107,1372,1892,2
107,1373,1893,1
107,1374,1894,0
107,1375,1895,1
107,1376,1896,3
107,1377,1897,1
107,1378,1898,1
107,1379,1899,1
107,1380,1900,1
107,1381,1901,0
107,1382,1902,3
107,1383,1903,1
107,1384,1904,2
107,1385,1905,2
107,1386,1906,2
107,1387,1907,1
107,1388,1908,1
107,1389,1909,0
107,1390,1910,1
107,1391,1911,1
1684,2014,4042,1
1684,2015,4045,1
1684,2016,4048,1
1684,2017,4153,1
1684,2018,4155,0
1684,2019,4157,1
1684,2020,4158,1
1684,2021,4159,0
1684,2022,4160,2
1684,2023,4162,0
1684,2024,4163,0
1684,2025,4165,0
1684,2026,4166,2
1684,2027,4167,0
1684,2028,4169,2
1684,2029,4170,0
1684,2030,2661,1
1684,2031,2662,1
1684,2032,2663,0
1684,2033,2664,0
1684,2034,2665,0
1684,2035,2666,1
1684,2036,2667,0
1684,2037,2668,1
1684,2038,2669,1
1684,2039,2670,1
1684,2040,2671,0
1684,2041,2672,1
1684,2042,2673,1
1684,2043,2674,2
1684,2044,2675,2
1684,2045,2676,0
1684,2046,2677,2
1684,2047,2678,1
1684,2048,2679,1
1684,2049,2680,0
1684,2050,2681,1
1684,2051,2682,1
1684,2052,2683,2
1684,2053,2684,0
1684,2054,2685,0
1684,2055,2686,1
1684,2056,2687,1
1684,2057,2688,2
1684,2058,2689,2
1684,2059,2690,2
1684,2060,2691,2
1684,2061,2692,0
1684,2062,2693,1
1684,2063,2694,2
1684,2064,2695,1
1684,2065,2696,0
1684,2066,2697,1
1684,2067,2698,1
1684,2068,2699,1
1684,2069,2700,1
1684,2070,2701,0
1684,2071,2702,1
1684,2072,2703,1
1684,2073,2704,1
1684,2074,2705,1
1684,2075,2706,1
1684,2076,2707,1
1684,2077,2708,0
1684,2078,2709,1
1684,2079,2710,1
1684,2080,2711,1
1684,2081,2712,0
1684,2082,2713,0
1684,2083,2714,1
1684,2084,2715,0
1684,2085,2716,0
1684,2086,2717,0
1684,2087,2718,2
1684,2088,2719,1
1684,2089,2720,2
1684,2090,2721,0
1684,2091,2722,1
1684,2092,2723,1
1684,2093,2724,0
1684,2094,2725,0
1684,2095,2726,0
1684,2096,2727,0
1684,2097,2728,1
1684,2098,2729,1
1684,2099,2730,1
1684,2100,2731,1
1684,2101,2732,0
1684,2102,2733,1
1684,2103,2734,0
1684,2104,2735,0
1684,2105,2736,0
1684,2106,2737,1
1684,2107,2738,1
1684,2108,2739,2
1684,2109,2740,2
1684,2110,2741,0
1684,2111,2742,1
1684,2112,2743,2
1684,2113,2744,1
1684,2114,2745,0
1684,2115,2746,1
1684,2116,2747,1
1684,2117,2748,1
1684,2118,2749,1
1684,2119,2750,1
1684,2120,2751,1
1684,2121,2752,0
1684,2122,2753,1
1684,2123,2754,1
1684,2124,2755,1
1684,2125,2756,1
1684,2126,2757,1
1684,2127,2758,1
1684,2128,2759,1
1684,2129,2760,1
1684,2130,2761,0
1684,2131,2762,1
1684,2132,2763,1
1684,2133,2764,0
1684,2134,2765,1
1684,2135,2766,1
1684,2136,2767,1
1684,2137,2768,1
1684,2138,2769,0
1684,2139,2770,1
1684,2140,2771,0
1684,2141,2772,0
1684,2142,2773,1
1684,2143,2774,2
1684,2144,2775,0
1684,2145,2776,0
1684,2146,2777,1
1684,2147,2778,0
1684,2148,2779,1
1684,2149,2780,1
1684,2150,2781,1
1684,2151,2782,2
1684,2152,2783,0
1684,2153,2784,2
1684,2154,2785,0
1684,2155,2786,1
1684,2156,2787,1
1684,2157,2788,0
1684,2158,2789,1
1684,2159,2790,0
1684,2160,2791,1
1684,2161,2792,2
1684,2162,2793,2
1684,2163,2794,1
1684,2164,2795,0
1684,2165,2796,0
1684,2166,2797,0
1684,2167,2798,1
1684,2168,2799,1
1684,2169,2800,1
1684,2170,2801,2
1684,2171,2802,1
1684,2172,2803,1
1684,2173,2804,1
1684,2174,2805,0
1684,2175,2806,0
1684,2176,2807,1
1684,2177,2808,1
1684,2178,2809,1
1684,2179,2810,1
1684,2180,2811,1
1684,2181,2812,0
1684,2182,2813,2
1684,2183,2814,1
1684,2184,2815,1
1684,2185,2816,0
1684,2186,2817,2
1684,2187,2818,0
1684,2188,2819,2
1684,2189,2820,1
1684,2190,2821,1
1684,2191,2822,1
1684,2192,2823,0
1684,2193,2824,0
1684,2194,2825,2
1684,2195,2826,0
1684,2196,2827,1
1684,2197,2828,1
1684,2198,2829,1
1684,2199,2830,1
1684,2200,2831,1
1684,2201,2832,1
1684,2202,2833,1
1684,2203,2834,0
1684,2204,2835,0
1684,2205,2836,0
1684,2206,2837,0
1684,2207,2838,1
1684,2208,2839,1
1684,2209,2840,0
1684,2210,2841,1
1684,2211,2842,0
1684,2212,2843,0
1684,2213,2844,1
1684,2214,2845,1
1684,2215,2846,0
1684,2216,2847,1
1684,2217,2848,1
1684,2218,2849,2
1684,2219,2850,2
1684,2220,2851,0
1684,2221,2852,0
1684,2222,2853,1
1684,2223,2854,1
1684,2224,2855,0
1684,2225,2856,0
1684,2226,2857,0
1684,2227,2858,1
1684,2228,2859,2
1684,2229,2860,1
1684,2230,2861,1
1684,2231,2862,1
1684,2232,2863,1
1684,2233,2864,1
1684,2234,2865,0
1684,2235,2866,0
1684,2236,2867,0
1684,2237,2868,2
1684,2238,2869,2
1684,2239,2870,1
1684,2240,2871,2
1684,2241,2872,0
1684,2242,2873,1
1684,2243,2874,2
1684,2244,2875,0
1684,2245,2876,1
1684,2246,2877,1
1684,2247,2878,0
1684,2248,2879,1
1684,2249,2880,0
1684,2250,2881,1
1684,2251,2882,0
1684,2252,2883,0
1684,2253,2884,1
1684,2254,2885,0
1684,2255,2886,1
1684,2256,2887,1
1684,2257,2888,1
1684,2258,2889,1
1684,2259,2890,1
1684,2260,2891,2
1684,2261,2892,1
1684,2262,2893,1
1684,2263,2894,0
1684,2264,2895,1
1684,2265,2896,1
1684,2266,2897,0
1684,2267,2898,1
1684,2268,2899,0
1684,2269,2900,1
1684,2270,2901,1
1684,2271,2902,0
1684,2272,2903,1
1684,2273,2904,1
1684,2274,2905,1
1684,2275,2906,0
1684,2276,2907,2
1684,2277,2908,0
1684,2278,2909,0
1684,2279,2910,0
1684,2280,2911,0
1684,2281,2912,1
1684,2282,2913,0
1684,2283,2914,1
1684,2284,2915,1
1684,2285,2916,0
1684,2286,2917,0
1684,2287,2918,1
1684,2288,2919,0
1684,2289,2920,1
1684,2290,2921,1
1684,2291,2922,2
1684,2292,2923,0
1684,2293,2924,1
1684,2294,2925,2
1684,2295,2926,1
1684,2296,2927,1
1684,2297,2928,2
1684,2298,2929,1
1684,2299,2930,0
1684,2300,2931,0
1684,2301,2932,1
1684,2302,2933,2
1684,2303,2934,1
1684,2304,2935,0
1684,2305,2936,1
1684,2306,2937,0
1684,2307,2938,0
1684,2308,2939,0
1684,2309,2940,0
1684,2310,2941,0
1684,2311,2942,1
1684,2312,2943,1
1684,2313,2944,1
1684,2314,2945,0
1684,2315,2946,0
1684,2316,2947,1
1684,2317,2948,1
1684,2318,2949,1
1684,2319,2950,0
1684,2320,2951,1
1684,2321,2952,2
1684,2322,2953,1
1684,2323,2954,1
1684,2324,2955,1
1684,2325,2956,0
1684,2326,2957,1
1684,2327,2958,0
1684,2328,2959,1
1684,2329,2960,2
1684,2330,2961,1
1684,2331,2962,1
1684,2332,2963,0
1684,2333,2964,0
1684,2334,2965,0
1684,2335,2966,0
1684,2336,2967,1
1684,2337,2968,0
1684,2338,2969,2
1684,2339,2970,2
1684,2340,2971,1
1684,2341,2972,1
1684,2342,2973,1
1684,2343,2974,1
1684,2344,2975,0
1684,2345,2976,0
1684,2346,2977,1
1684,2347,2978,1
1684,2348,2979,2
1684,2349,2980,0
1684,2350,2981,1
1684,2351,2982,1
1684,2352,2983,1
1684,2353,2984,0
1684,2354,2985,1
1684,2355,2986,0
1684,2356,2987,1
1684,2357,2988,1
1684,2358,2989,1
1684,2359,2990,1
1684,2360,2991,0
1684,2361,2992,0
1684,2362,2993,1
1684,2363,2994,0
1684,2364,2995,1
1684,2365,2996,1
1684,2366,2997,0
1684,2367,2998,1
1684,2368,2999,1
1684,2369,3000,0
1684,2370,3001,2
1684,2371,3002,1
1684,2372,3003,0
1684,2373,3004,1
1684,2374,3005,0
1684,2375,3006,0
1684,2376,3007,1
1684,2377,3008,1
1684,2378,3009,1
1684,2379,3010,2
1684,2380,3011,0
1684,2381,3012,0
1684,2382,3013,1
1684,2383,3014,1
1684,2384,3015,0
1684,2385,3016,0
1684,2386,3017,0
1684,2387,3018,0
1684,2388,3019,0
1684,2389,3020,1
1684,2390,3021,2
1684,2391,3022,1
1684,2392,3023,1
1684,2393,3024,1
1684,2394,3025,1
1684,2395,3026,1
1684,2396,3027,0
1684,2397,3028,0
1684,2398,3029,1
1684,2399,3030,0
1684,2400,3031,1
1684,2401,3032,1
1684,2402,3033,2
1684,2403,3034,1
1684,2404,3035,1
1684,2405,3036,1
1684,2406,3037,0
1684,2407,3038,1
1684,2408,3039,0
1684,2409,3040,2
1684,2410,3041,0
1684,2411,3042,1
1684,2412,3043,1
1684,2413,3044,1
1684,2414,3045,0
1684,2415,3046,0
1684,2416,3047,1
1684,2417,3048,0
1684,2418,3049,2
1684,2419,3050,2
1684,2420,3051,1
1684,2421,3052,0
1684,2422,3053,0
1684,2423,3054,2
1684,2424,3055,2
1684,2425,3056,0
1684,2426,3057,0
1684,2427,3058,0
1684,2428,3059,1
1684,2429,3060,0
1684,2430,3061,1
1684,2431,3062,0
1684,2432,3063,1
1684,2433,3064,1
1684,2434,3065,0
1684,2435,3066,0
1684,2436,3067,0
1684,2437,3068,1
1684,2438,3069,1
1684,2439,3070,1
1684,2440,3071,1
1684,2441,3072,0
1684,2442,3073,0
1684,2443,3074,0
1684,2444,3075,1
1684,2445,3076,1
1684,2446,3077,2
1684,2447,3078,2
1684,2448,3079,2
1684,2449,3080,1
1684,2450,3081,0
1684,2451,3082,1
1684,2452,3083,1
1684,2453,3084,1
1684,2454,3085,1
1684,2455,3086,1
1684,2456,3087,1
1684,2457,3088,0
1684,2458,3089,0
1684,2459,3090,2
1684,2460,3091,1
1684,2461,3092,1
1684,2462,3093,1
1684,2463,3094,0
1684,2464,3095,0
1684,2465,3096,0
1684,2466,3097,2
1684,2467,3098,1
1684,2468,3099,1
1684,2469,3100,0
1684,2470,3101,0
1684,2471,3102,1
1684,2472,3103,1
1684,2473,3104,1
1684,2474,3105,0
1684,2475,3106,1
1684,2476,3107,0
1684,2477,3108,0
1684,2478,3109,0
1684,2479,3110,1
1684,2480,3111,0
1684,2481,3112,1
1684,2482,3113,0
1684,2483,3114,1
1684,2484,3115,1
1684,2485,3116,0
1684,2486,3117,1
1684,2487,3118,0
1684,2488,3119,0
1684,2489,3120,1
1684,2490,3121,1
1684,2491,3122,0
1684,2492,3123,0
1684,2493,3124,0
1684,2494,3125,0
1684,2495,3126,0
1684,2496,3127,0
1684,2497,3128,0
1684,2498,3129,1
1684,2499,3130,1
1684,2500,3131,0
1684,2501,3132,0
1684,2502,3133,0
1684,2503,3134,0
1684,2504,3135,1
1684,2505,3136,0
1684,2506,3137,0
1684,2507,3138,0
1684,2508,3139,1
1684,2509,3140,1
1684,2510,3141,2
1684,2511,3142,1
1684,2512,3143,1
1684,2513,3144,0
1684,2514,3145,1
1684,2515,3146,2
1684,2516,3147,2
1684,2517,3148,0
1684,2518,3149,1
1684,2519,3150,0
1684,2520,3151,0
1684,2521,3152,0
1684,2522,3153,0
1684,2523,3154,1
1684,2524,3155,1
1684,2525,3156,1
1684,2526,3157,1
1684,2527,3158,1
1684,2528,3159,0
1684,2529,3160,0
1684,2530,3161,1
1684,2531,3162,1
1684,2532,3163,1
1684,2533,3164,0
1684,2534,3165,2
1684,2535,3166,1
1684,2536,3167,0
1684,2537,3168,0
1684,2538,3169,0
1684,2539,3170,1
1684,2540,3171,0
1684,2541,3172,0
1684,2542,3173,1
1684,2543,3174,1
1684,2544,3175,0
1684,2545,3176,1
1684,2546,3177,1
1684,2547,3178,0
1684,2548,3179,0
1684,2549,3180,0
1684,2550,3181,0
1684,2551,3182,0
1684,2552,3183,0
1684,2553,3184,0
1684,2554,3185,0
1684,2555,3186,1
1684,2556,3187,1
1684,2557,3188,0
1684,2558,3189,1
1684,2559,3190,0
1684,2560,3191,0
1684,2561,3192,1
1684,2562,3193,1
1684,2563,3194,1
1684,2564,3195,2
1684,2565,3196,1
1684,2566,3197,1
1684,2567,3198,1
1684,2568,3199,0
1684,2569,3200,1
1684,2570,3201,0
1684,2571,3202,1
1684,2572,3203,1
1684,2573,3204,1
1684,2574,3205,2
1684,2575,3206,1
1684,2576,3207,1
1684,2577,3208,1
1684,2578,3209,1
1684,2579,3210,2
1684,2580,3211,0
1684,2581,3212,1
1684,2582,3213,1
1684,2583,3214,1
1684,2584,3215,0
1684,2585,3216,1
1684,2586,3217,0
1684,2587,3218,0
1684,2588,3219,1
1684,2589,3220,0
1684,2590,3221,2
1684,2591,3222,2
1684,2592,3223,1
1684,2593,3224,0
1684,2594,3225,1
1684,2595,3226,0
1684,2596,3227,0
1684,2597,3228,0
1684,2598,3229,1
1684,2599,3230,0
1684,2600,3231,1
1684,2601,3232,1
1684,2602,3233,1
1684,2603,3234,1
1684,2604,3235,0
1684,2605,3236,1
1684,2606,3237,1
1684,2607,3238,1
1684,2608,3239,1
1684,2609,3240,2
1684,2610,3241,0
1684,2611,3242,1
1684,2612,3243,1
1684,2613,3244,1
1684,2614,3245,0
1684,2615,3246,1
1684,2616,3247,1
1684,2617,3248,0
1684,2618,3249,1
1684,2619,3250,1
1684,2620,3251,0
1684,2621,3252,0
1684,2622,3253,0
1684,2623,3254,0
1684,2624,3255,1
1684,2625,3256,1
1684,2626,3257,1
1684,2627,3258,0
1684,2628,3259,1
1684,2629,3260,0
1684,2630,3261,1
1684,2631,3262,1
1684,2632,3263,1
1684,2633,3264,1
1684,2634,3265,0
1684,2635,3266,1
1684,2636,3267,1
1684,2637,3268,0
1684,2638,3269,1
1684,2639,3270,1
1684,2640,3271,1
1684,2641,3272,2
1684,2642,3273,1
1684,2643,3274,0
1684,2644,3275,1
1684,2645,3276,1
1684,2646,3277,0
1684,2647,3278,0
1684,2648,3279,1
1684,2649,3280,1
1684,2650,3281,0
1684,2651,3282,1
1684,2652,3283,1
1684,2653,3284,1
1684,2654,3285,0
1684,2655,3286,1
1684,2656,3287,0
1684,2657,3288,0
1684,2658,3289,0
1684,2659,3290,1
1684,2660,3291,2
1684,2661,3292,0
1684,2662,3293,1
1684,2663,3294,0
1684,2664,3295,0
1684,2665,3296,1
1684,2666,3297,1
1684,2667,3298,0
1684,2668,3299,1
1684,2669,3300,1
1684,2670,3301,0
1684,2671,3302,1
1684,2672,3303,1
1684,2673,3304,1
1684,2674,3305,1
1684,2675,3306,1
1684,2676,3307,1
1684,2677,3308,1
1684,2678,3309,0
1684,2679,3310,2
1684,2680,3311,1
1684,2681,3312,0
1684,2682,3313,2
1684,2683,3314,1
1684,2684,3315,1
1684,2685,3316,1
1684,2686,3317,1
1684,2687,3318,1
1684,2688,3319,2
1684,2689,3320,0
1684,2690,3321,1
1684,2691,3322,1
1684,2692,3323,1
1684,2693,3324,1
1684,2694,3325,1
1684,2695,3326,1
1684,2696,3327,2
1684,2697,3328,0
1684,2698,3329,1
1684,2699,3330,0
1684,2700,3331,2
1684,2701,3332,0
1684,2702,3333,1
1684,2703,3334,1
1684,2704,3335,0
1684,2705,3336,0
1684,2706,3337,0
1684,2707,3338,0
1684,2708,3339,0
1684,2709,3340,2
1684,2710,3341,1
1684,2711,3342,0
1684,2712,3343,1
1684,2713,3344,2
1684,2714,3345,1
1684,2715,3346,0
1684,2716,3347,0
1684,2717,3348,0
1684,2718,3349,2
1684,2719,3350,1
1684,2720,3351,1
1684,2721,3352,0
1684,2722,3353,0
1684,2723,3354,1
1684,2724,3355,1
1684,2725,3356,1
1684,2726,3357,0
1684,2727,3358,0
1684,2728,3359,1
1684,2729,3360,1
1684,2730,3361,1
1684,2731,3362,1
1684,2732,3363,1
1684,2733,3364,1
1684,2734,3365,1
1684,2735,3366,1
1684,2736,3367,0
1684,2737,3368,1
1684,2738,3369,1
1684,2739,3370,0
1684,2740,3371,1
1684,2741,3372,0
1684,2742,3373,1
1684,2743,3374,1
1684,2744,3375,1
1684,2745,3376,0
1684,2746,3377,0
1684,2747,3378,1
1684,2748,3379,1
1684,2749,3380,0
1684,2750,3381,1
1684,2751,3382,1
1684,2752,3383,1
1684,2753,3384,1
1684,2754,3385,1
1684,2755,3386,1
1684,2756,3387,0
1684,2757,3388,1
1684,2758,3389,1
1684,2759,3390,1
1684,2760,3391,1
1684,2761,3392,1
1684,2762,3393,0
1684,2763,3394,2
1684,2764,3395,1
1684,2765,3396,0
1684,2766,3397,1
1684,2767,3398,1
1684,2768,3399,1
1684,2769,3400,1
1684,2770,3401,1
1684,2771,3402,0
1684,2772,3403,1
1684,2773,3404,2
1684,2774,3405,0
1684,2775,3406,0
1684,2776,3407,0
1684,2777,3408,0
1684,2778,3409,0
1684,2779,3410,1
1684,2780,3411,2
1684,2781,3412,0
1684,2782,3413,1
1684,2783,3414,1
1684,2784,3415,1
1684,2785,3416,0
1684,2786,3417,0
1684,2787,3418,0
1684,2788,3419,1
1684,2789,3420,2
1684,2790,3421,0
1684,2791,3422,1
1684,2792,3423,0
1684,2793,3424,0
1684,2794,3425,1
1684,2795,3426,2
1684,2796,3427,1
1684,2797,3428,0
1684,2798,3429,0
1684,2799,3430,1
1684,2800,3431,1
1684,2801,3432,1
1684,2802,3433,0
1684,2803,3434,0
1684,2804,3435,1
1684,2805,3436,1
1912,2806,4043,0
1912,2807,4046,0
1912,2808,4076,0
1912,2809,4109,0
1912,2810,4161,1
1912,2811,4164,1
1912,2812,4168,1
1912,2813,1913,0
1912,2814,1914,0
1912,2815,1915,0
1912,2816,1916,0
1912,2817,1917,1
1912,2818,1918,1
1912,2819,1919,0
1912,2820,1920,0
1912,2821,1921,1
1912,2822,1922,1
1912,2823,1923,0
1912,2824,1924,0
1912,2825,1925,0
1912,2826,1926,1
1912,2827,1927,0
1912,2828,1928,0
1912,2829,1929,1
1912,2830,1930,0
1912,2831,1931,1
1912,2832,1932,1
1912,2833,1933,0
1912,2834,1934,0
1912,2835,1935,0
1912,2836,1936,0
1912,2837,1937,0
1912,2838,1938,1
1912,2839,1939,1
1912,2840,1940,1
1912,2841,1941,1
1912,2842,1942,1
1912,2843,1943,1
1912,2844,1944,1
1912,2845,1945,0
1912,2846,1946,0
1912,2847,1947,1
1912,2848,1948,1
1912,2849,1949,1
1912,2850,1950,0
1912,2851,1951,1
1912,2852,1952,0
1912,2853,1953,0
1912,2854,1954,1
1912,2855,1955,0
1912,2856,1956,0
1912,2857,1957,0
1912,2858,1958,0
1912,2859,1959,1
1912,2860,1960,1
1912,2861,1961,0
1912,2862,1962,1
1912,2863,1963,0
1912,2864,1964,1
1912,2865,1965,0
1912,2866,1966,1
1912,2867,1967,0
1912,2868,1968,0
1912,2869,1969,0
1912,2870,1970,1
1912,2871,1971,1
1912,2872,1972,0
1912,2873,1973,0
1912,2874,1974,1
1912,2875,1975,1
1912,2876,1976,0
1912,2877,1977,0
1912,2878,1978,0
1912,2879,1979,0
1912,2880,1980,0
1912,2881,1981,0
1912,2882,1982,0
1912,2883,1983,0
1912,2884,1984,0
1912,2885,1985,1
1912,2886,1986,1
1912,2887,1987,1
1912,2888,1988,1
1912,2889,1989,1
1912,2890,1990,0
1912,2891,1991,0
1912,2892,1992,1
1912,2893,1993,1
1912,2894,1994,1
1912,2895,1995,0
1912,2896,1996,0
1912,2897,1997,1
1912,2898,1998,0
1912,2899,1999,1
1912,2900,2000,0
1912,2901,2001,0
1912,2902,2002,0
1912,2903,2003,1
1912,2904,2004,0
1912,2905,2005,0
1912,2906,2006,0
1912,2907,2007,0
1912,2908,2008,0
1912,2909,2009,0
1912,2910,2010,1
1912,2911,2011,0
1912,2912,2012,0
1912,2913,2013,0
1912,2914,2014,0
1912,2915,2015,0
1912,2916,2016,0
1912,2917,2017,1
1912,2918,2018,0
1912,2919,2019,0
1912,2920,2020,1
1912,2921,2021,1
1912,2922,2022,0
1912,2923,2023,0
1912,2924,2024,1
1912,2925,2025,0
1912,2926,2026,1
1912,2927,2027,1
1912,2928,2028,1
1912,2929,2029,1
1912,2930,2030,1
1912,2931,2031,0
1912,2932,2032,0
1912,2933,2033,0
1912,2934,2034,0
1912,2935,2035,1
1912,2936,2036,1
1912,2937,2037,0
1912,2938,2038,1
1912,2939,2039,1
1912,2940,2040,1
1912,2941,2041,0
1912,2942,2042,1
1912,2943,2043,1
1912,2944,2044,1
1912,2945,2045,0
1912,2946,2046,1
1912,2947,2047,1
1912,2948,2048,1
1912,2949,2049,0
1912,2950,2050,0
1912,2951,2051,0
1912,2952,2052,1
1912,2953,2053,1
1912,2954,2054,1
1912,2955,2055,0
1912,2956,2056,0
1912,2957,2057,1
1912,2958,2058,1
1912,2959,2059,1
1912,2960,2060,1
1912,2961,2061,0
1912,2962,2062,1
1912,2963,2063,0
1912,2964,2064,1
1912,2965,2065,0
1912,2966,2066,0
1912,2967,2067,1
1912,2968,2068,1
1912,2969,2069,1
1912,2970,2070,0
1912,2971,2071,1
1912,2972,2072,1
1912,2973,2073,0
1912,2974,2074,1
1912,2975,2075,1
1912,2976,2076,1
1912,2977,2077,0
1912,2978,2078,1
1912,2979,2079,0
1912,2980,2080,0
1912,2981,2081,1
1912,2982,2082,1
1912,2983,2083,1
1912,2984,2084,1
1912,2985,2085,0
1912,2986,2086,0
1912,2987,2087,0
1912,2988,2088,0
1912,2989,2089,0
1912,2990,2090,0
1912,2991,2091,0
1912,2992,2092,1
1912,2993,2093,1
1912,2994,2094,0
1912,2995,2095,0
1912,2996,2096,1
1912,2997,2097,0
1912,2998,2098,0
1912,2999,2099,0
1912,3000,2100,0
1912,3001,2101,1
1912,3002,2102,1
1912,3003,2103,0
1912,3004,2104,0
1912,3005,2105,0
1912,3006,2106,0
1912,3007,2107,1
1912,3008,2108,0
1912,3009,2109,0
1912,3010,2110,0
1912,3011,2111,1
1912,3012,2112,1
1912,3013,2113,0
1912,3014,2114,1
1912,3015,2115,1
1912,3016,2116,0
1912,3017,2117,1
1912,3018,2118,1
1912,3019,2119,1
1912,3020,2120,0
1912,3021,2121,0
1912,3022,2122,0
1912,3023,2123,0
1912,3024,2124,0
1912,3025,2125,1
1912,3026,2126,1
1912,3027,2127,1
1912,3028,2128,1
1912,3029,2129,1
1912,3030,2130,0
1912,3031,2131,1
1912,3032,2132,0
1912,3033,2133,1
1912,3034,2134,0
1912,3035,2135,1
1912,3036,2136,0
1912,3037,2137,1
1912,3038,2138,1
1912,3039,2139,1
1912,3040,2140,0
1912,3041,2141,1
1912,3042,2142,1
1912,3043,2143,1
1912,3044,2144,0
1912,3045,2145,1
1912,3046,2146,1
1912,3047,2147,1
1912,3048,2148,1
1912,3049,2149,1
1912,3050,2150,1
1912,3051,2151,1
1912,3052,2152,0
1912,3053,2153,1
1912,3054,2154,0
1912,3055,2155,0
1912,3056,2156,0
1912,3057,2157,1
1912,3058,2158,1
1912,3059,2159,1
1912,3060,2160,0
1912,3061,2161,1
1912,3062,2162,0
1912,3063,2163,1
1912,3064,2164,0
1912,3065,2165,1
1912,3066,2166,0
1912,3067,2167,0
1912,3068,2168,0
1912,3069,2169,1
1912,3070,2170,0
1912,3071,2171,1
1912,3072,2172,1
1912,3073,2173,0
1912,3074,2174,1
1912,3075,2175,0
1912,3076,2176,1
1912,3077,2177,0
1912,3078,2178,1
1912,3079,2179,0
1912,3080,2180,0
1912,3081,2181,0
1912,3082,2182,1
1912,3083,2183,1
1912,3084,2184,0
1912,3085,2185,1
1912,3086,2186,1
1912,3087,2187,1
1912,3088,2188,0
1912,3089,2189,1
1912,3090,2190,0
1912,3091,2191,1
1912,3092,2192,0
1912,3093,2193,0
1912,3094,2194,1
1912,3095,2195,0
1912,3096,2196,0
1912,3097,2197,0
1912,3098,2198,0
1912,3099,2199,1
1912,3100,2200,0
1912,3101,2201,0
1912,3102,2202,0
1912,3103,2203,1
1912,3104,2204,1
1912,3105,2205,0
1912,3106,2206,0
1912,3107,2207,1
1912,3108,2208,0
1912,3109,2209,1
1912,3110,2210,1
1912,3111,2211,0
1912,3112,2212,0
1912,3113,2213,0
1912,3114,2214,0
1912,3115,2215,1
1912,3116,2216,0
1912,3117,2217,0
1912,3118,2218,1
1912,3119,2219,0
1912,3120,2220,1
1912,3121,2221,1
1912,3122,2222,1
1912,3123,2223,0
1912,3124,2224,1
1912,3125,2225,0
1912,3126,2226,0
1912,3127,2227,0
1912,3128,2228,1
1912,3129,2229,0
1912,3130,2230,0
1912,3131,2231,1
1912,3132,2232,1
1912,3133,2233,1
1912,3134,2234,1
1912,3135,2235,1
1912,3136,2236,0
1912,3137,2237,0
1912,3138,2238,0
1912,3139,2239,0
1912,3140,2240,0
1912,3141,2241,0
1912,3142,2242,1
1912,3143,2243,1
1912,3144,2244,0
1912,3145,2245,1
1912,3146,2246,1
1912,3147,2247,1
1912,3148,2248,1
1912,3149,2249,1
1912,3150,2250,1
1912,3151,2251,0
1912,3152,2252,0
1912,3153,2253,1
1912,3154,2254,0
1912,3155,2255,0
1912,3156,2256,0
1912,3157,2257,0
1912,3158,2258,0
1912,3159,2259,0
1912,3160,2260,1
1912,3161,2261,0
1912,3162,2262,0
1912,3163,2263,0
1912,3164,2264,0
1912,3165,2265,0
1912,3166,2266,1
1912,3167,2267,0
1912,3168,2268,1
1912,3169,2269,0
1912,3170,2270,0
1912,3171,2271,0
1912,3172,2272,1
1912,3173,2273,0
1912,3174,2274,1
1912,3175,2275,0
1912,3176,2276,0
1912,3177,2277,1
1912,3178,2278,1
1912,3179,2279,1
1912,3180,2280,1
1912,3181,2281,0
1912,3182,2282,1
1912,3183,2283,1
1912,3184,2284,0
1912,3185,2285,1
1912,3186,2286,0
1912,3187,2287,1
1912,3188,2288,1
1912,3189,2289,1
1912,3190,2290,0
1912,3191,2291,1
1912,3192,2292,0
1912,3193,2293,0
1912,3194,2294,1
1912,3195,2295,0
1912,3196,2296,1
1912,3197,2297,0
1912,3198,2298,1
1912,3199,2299,1
1912,3200,2300,1
1912,3201,2301,1
1912,3202,2302,0
1912,3203,2303,1
1912,3204,2304,0
1912,3205,2305,1
1912,3206,2306,0
1912,3207,2307,1
1912,3208,2308,1
1912,3209,2309,0
1912,3210,2310,1
1912,3211,2311,0
1912,3212,2312,0
1912,3213,2313,0
1912,3214,2314,0
1912,3215,2315,0
1912,3216,2316,1
1912,3217,2317,0
1912,3218,2318,1
1912,3219,2319,1
1912,3220,2320,1
1912,3221,2321,1
1912,3222,2322,1
1912,3223,2323,0
1912,3224,2324,1
1912,3225,2325,1
1912,3226,2326,0
1912,3227,2327,1
1912,3228,2328,0
1912,3229,2329,0
1912,3230,2330,1
1912,3231,2331,1
1912,3232,2332,0
1912,3233,2333,1
1912,3234,2334,1
1912,3235,2335,1
1912,3236,2336,1
1912,3237,2337,0
1912,3238,2338,1
1912,3239,2339,0
1912,3240,2340,1
1912,3241,2341,1
1912,3242,2342,0
1912,3243,2343,0
1912,3244,2344,1
1912,3245,2345,1
1912,3246,2346,0
1912,3247,2347,1
1912,3248,2348,0
1912,3249,2349,0
1912,3250,2350,1
1912,3251,2351,1
1912,3252,2352,1
1912,3253,2353,0
1912,3254,2354,1
1912,3255,2355,1
1912,3256,2356,0
1912,3257,2357,0
1912,3258,2358,0
1912,3259,2359,0
1912,3260,2360,0
1912,3261,2361,0
1912,3262,2362,1
1912,3263,2363,0
1912,3264,2364,0
1912,3265,2365,1
1912,3266,2366,0
1912,3267,2367,1
1912,3268,2368,0
1912,3269,2369,0
1912,3270,2370,0
1912,3271,2371,1
1912,3272,2372,0
1912,3273,2373,1
1912,3274,2374,1
1912,3275,2375,0
1912,3276,2376,1
1912,3277,2377,1
1912,3278,2378,1
1912,3279,2379,1
1912,3280,2380,0
1912,3281,2381,0
1912,3282,2382,0
1912,3283,2383,1
1912,3284,2384,1
1912,3285,2385,1
1912,3286,2386,1
1912,3287,2387,1
1912,3288,2388,0
1912,3289,2389,0
1912,3290,2390,1
1912,3291,2391,0
1912,3292,2392,0
1912,3293,2393,1
1912,3294,2394,1
1912,3295,2395,0
1912,3296,2396,1
1912,3297,2397,0
1912,3298,2398,1
1912,3299,2399,1
1912,3300,2400,1
1912,3301,2401,0
1912,3302,2402,0
1912,3303,2403,1
1912,3304,2404,1
1912,3305,2405,0
1912,3306,2406,1
1912,3307,2407,0
1912,3308,2408,0
1912,3309,2409,0
1912,3310,2410,1
1912,3311,2411,0
1912,3312,2412,1
1912,3313,2413,0
1912,3314,2414,0
1912,3315,2415,1
1912,3316,2416,0
1912,3317,2417,1
1912,3318,2418,0
1912,3319,2419,1
1912,3320,2420,1
1912,3321,2421,1
1912,3322,2422,0
1912,3323,2423,0
1912,3324,2424,1
1912,3325,2425,1
1912,3326,2426,1
1912,3327,2427,1
1912,3328,2428,1
1912,3329,2429,0
1912,3330,2430,1
1912,3331,2431,0
1912,3332,2432,0
1912,3333,2433,0
1912,3334,2434,1
1912,3335,2435,1
1912,3336,2436,1
1912,3337,2437,1
1912,3338,2438,1
1912,3339,2439,0
1912,3340,2440,1
1912,3341,2441,0
1912,3342,2442,0
1912,3343,2443,0
1912,3344,2444,0
1912,3345,2445,1
1912,3346,2446,0
1912,3347,2447,1
1912,3348,2448,0
1912,3349,2449,0
1912,3350,2450,1
1912,3351,2451,1
1912,3352,2452,0
1912,3353,2453,0
1912,3354,2454,0
1912,3355,2455,1
1912,3356,2456,1
1912,3357,2457,0
1912,3358,2458,1
1912,3359,2459,0
1912,3360,2460,0
1912,3361,2461,1
1912,3362,2462,1
1912,3363,2463,1
1912,3364,2464,1
1912,3365,2465,0
1912,3366,2466,0
1912,3367,2467,0
1912,3368,2468,0
1912,3369,2469,0
1912,3370,2470,1
1912,3371,2471,0
1912,3372,2472,1
1912,3373,2473,1
1912,3374,2474,0
1912,3375,2475,0
1912,3376,2476,0
1912,3377,2477,1
1912,3378,2478,0
1912,3379,2479,1
1912,3380,2480,1
1912,3381,2481,0
1912,3382,2482,0
1912,3383,2483,0
1912,3384,2484,0
1912,3385,2485,0
1912,3386,2486,1
1912,3387,2487,0
1912,3388,2488,0
1912,3389,2489,1
1912,3390,2490,1
1912,3391,2491,0
1912,3392,2492,1
1912,3393,2493,1
1912,3394,2494,0
1912,3395,2495,0
1912,3396,2496,0
1912,3397,2497,1
1912,3398,2498,0
1912,3399,2499,0
1912,3400,2500,1
1912,3401,2501,0
1912,3402,2502,1
1912,3403,2503,0
1912,3404,2504,1
1912,3405,2505,1
1912,3406,2506,0
1912,3407,2507,1
1912,3408,2508,0
1912,3409,2509,1
1912,3410,2510,1
1912,3411,2511,1
1912,3412,2512,1
1912,3413,2513,0
1912,3414,2514,0
1912,3415,2515,1
1912,3416,2516,1
1912,3417,2517,0
1912,3418,2518,1
1912,3419,2519,0
1912,3420,2520,0
1912,3421,2521,1
1912,3422,2522,1
1912,3423,2523,0
1912,3424,2524,0
1912,3425,2525,0
1912,3426,2526,1
1912,3427,2527,0
1912,3428,2528,1
1912,3429,2529,1
1912,3430,2530,0
1912,3431,2531,1
1912,3432,2532,0
1912,3433,2533,0
1912,3434,2534,1
1912,3435,2535,0
1912,3436,2536,0
1912,3437,2537,0
1912,3438,2538,1
1912,3439,2539,0
1912,3440,2540,0
1912,3441,2541,1
1912,3442,2542,0
1912,3443,2543,1
1912,3444,2544,0
1912,3445,2545,0
1912,3446,2546,1
1912,3447,2547,0
1912,3448,2548,0
1912,3449,2549,0
1912,3450,2550,0
1912,3451,2551,0
1912,3452,2552,0
1912,3453,2553,0
1912,3454,2554,0
1912,3455,2555,1
1912,3456,2556,0
1912,3457,2557,1
1912,3458,2558,0
1912,3459,2559,0
1912,3460,2560,1
1912,3461,2561,0
1912,3462,2562,0
1912,3463,2563,1
1912,3464,2564,1
1912,3465,2565,0
1912,3466,2566,1
1912,3467,2567,1
1912,3468,2568,0
1912,3469,2569,0
1912,3470,2570,1
1912,3471,2571,1
1912,3472,2572,0
1912,3473,2573,0
1912,3474,2574,1
1912,3475,2575,1
1912,3476,2576,0
1912,3477,2577,0
1912,3478,2578,0
1912,3479,2579,0
1912,3480,2580,0
1912,3481,2581,0
1912,3482,2582,1
1912,3483,2583,1
1912,3484,2584,0
1912,3485,2585,0
1912,3486,2586,0
1912,3487,2587,1
1912,3488,2588,1
1912,3489,2589,1
1912,3490,2590,0
1912,3491,2591,0
1912,3492,2592,1
1912,3493,2593,1
1912,3494,2594,0
1912,3495,2595,0
1912,3496,2596,0
1912,3497,2597,1
1912,3498,2598,1
1912,3499,2599,0
1912,3500,2600,1
1912,3501,2601,0
1912,3502,2602,1
1912,3503,2603,1
1912,3504,2604,1
1912,3505,2605,1
1912,3506,2606,0
1912,3507,2607,1
1912,3508,2608,1
1912,3509,2609,0
1912,3510,2610,1
1912,3511,2611,1
1912,3512,2612,1
1912,3513,2613,0
1912,3514,2614,0
1912,3515,2615,0
1912,3516,2616,1
1912,3517,2617,1
1912,3518,2618,0
1912,3519,2619,1
1912,3520,2620,0
1912,3521,2621,1
1912,3522,2622,1
1912,3523,2623,1
1912,3524,2624,0
1912,3525,2625,1
1912,3526,2626,0
1912,3527,2627,0
1912,3528,2628,0
1912,3529,2629,1
1912,3530,2630,1
1912,3531,2631,0
1912,3532,2632,0
1912,3533,2633,1
1912,3534,2634,1
1912,3535,2635,1
1912,3536,2636,0
1912,3537,2637,1
1912,3538,2638,0
1912,3539,2639,0
1912,3540,2640,1
1912,3541,2641,1
1912,3542,2642,1
1912,3543,2643,0
1912,3544,2644,0
1912,3545,2645,0
1912,3546,2646,1
1912,3547,2647,0
1912,3548,2648,0
1912,3549,2649,1
1912,3550,2650,0
1912,3551,2651,0
1912,3552,2652,1
1912,3553,2653,1
1912,3554,2654,0
1912,3555,2655,0
1912,3556,2656,1
1912,3557,2657,0
1912,3558,2658,1
1912,3559,2659,1
1912,3560,2660,0
3437,3561,4113,0
3437,3562,4125,1
3437,3563,4152,1
3437,3564,4154,0
3437,3565,4156,0
3437,3566,3438,1
3437,3567,3439,1
3437,3568,3440,1
3437,3569,3441,0
3437,3570,3442,0
3437,3571,3443,0
3437,3572,3444,1
3437,3573,3445,0
3437,3574,3446,0
3437,3575,3447,0
3437,3576,3448,0
3437,3577,3449,0
3437,3578,3450,1
3437,3579,3451,0
3437,3580,3452,0
3437,3581,3453,1
3437,3582,3454,0
3437,3583,3455,0
3437,3584,3456,1
3437,3585,3457,0
3437,3586,3458,0
3437,3587,3459,0
3437,3588,3460,0
3437,3589,3461,1
3437,3590,3462,1
3437,3591,3463,0
3437,3592,3464,1
3437,3593,3465,1
3437,3594,3466,0
3437,3595,3467,0
3437,3596,3468,0
3437,3597,3469,0
3437,3598,3470,1
3437,3599,3471,0
3437,3600,3472,1
3437,3601,3473,0
3437,3602,3474,0
3437,3603,3475,1
3437,3604,3476,1
3437,3605,3477,1
3437,3606,3478,0
3437,3607,3479,0
3437,3608,3480,0
3437,3609,3481,0
3437,3610,3482,1
3437,3611,3483,0
3437,3612,3484,0
3437,3613,3485,0
3437,3614,3486,0
3437,3615,3487,0
3437,3616,3488,0
3437,3617,3489,0
3437,3618,3490,1
3437,3619,3491,1
3437,3620,3492,0
3437,3621,3493,0
3437,3622,3494,0
3437,3623,3495,1
3437,3624,3496,0
3437,3625,3497,1
3437,3626,3498,1
3437,3627,3499,1
3437,3628,3500,1
3437,3629,3501,0
3437,3630,3502,1
3437,3631,3503,1
3437,3632,3504,0
3437,3633,3505,1
3437,3634,3506,0
3437,3635,3507,0
3437,3636,3508,1
3437,3637,3509,0
3437,3638,3510,0
3437,3639,3511,1
3437,3640,3512,0
3437,3641,3513,1
3437,3642,3514,1
3437,3643,3515,0
3437,3644,3516,1
3437,3645,3517,1
3437,3646,3518,0
3437,3647,3519,0
3437,3648,3520,0
3437,3649,3521,0
3437,3650,3522,1
3437,3651,3523,1
3437,3652,3524,0
3437,3653,3525,1
3437,3654,3526,0
3437,3655,3527,1
3437,3656,3528,0
3437,3657,3529,1
3437,3658,3530,0
3437,3659,3531,0
3437,3660,3532,1
3437,3661,3533,0
3437,3662,3534,0
3437,3663,3535,0
3437,3664,3536,0
3437,3665,3537,0
3437,3666,3538,1
3437,3667,3539,1
3437,3668,3540,1
3437,3669,3541,0
3437,3670,3542,0
3437,3671,3543,1
3437,3672,3544,0
3437,3673,3545,1
3437,3674,3546,1
3437,3675,3547,0
3437,3676,3548,0
3437,3677,3549,1
3437,3678,3550,1
3437,3679,3551,0
3437,3680,3552,0
3437,3681,3553,1
3437,3682,3554,1
3437,3683,3555,0
3437,3684,3556,0
3437,3685,3557,1
3437,3686,3558,0
3437,3687,3559,0
3437,3688,3560,1
3437,3689,3561,0
3437,3690,3562,1
3437,3691,3563,0
3437,3692,3564,1
3437,3693,3565,1
3437,3694,3566,0
3437,3695,3567,1
3437,3696,3568,1
3437,3697,3569,0
3437,3698,3570,1
3437,3699,3571,1
3437,3700,3572,1
3437,3701,3573,0
3437,3702,3574,0
3437,3703,3575,0
3437,3704,3576,0
3437,3705,3577,1
3437,3706,3578,0
3437,3707,3579,0
3437,3708,3580,1
3437,3709,3581,1
3437,3710,3582,1
3437,3711,3583,1
3437,3712,3584,1
3437,3713,3585,1
3437,3714,3586,0
3437,3715,3587,0
3437,3716,3588,0
3437,3717,3589,1
3437,3718,3590,0
3437,3719,3591,1
3437,3720,3592,0
3437,3721,3593,0
3437,3722,3594,1
3437,3723,3595,1
3437,3724,3596,1
3437,3725,3597,1
3437,3726,3598,1
3437,3727,3599,0
3437,3728,3600,0
3437,3729,3601,0
3437,3730,3602,0
3437,3731,3603,0
3437,3732,3604,0
3437,3733,3605,0
3437,3734,3606,1
3437,3735,3607,0
3437,3736,3608,0
3437,3737,3609,1
3437,3738,3610,0
3437,3739,3611,0
3437,3740,3612,1
3437,3741,3613,1
3437,3742,3614,1
3437,3743,3615,1
3437,3744,3616,1
3437,3745,3617,1
3437,3746,3618,1
3437,3747,3619,0
3437,3748,3620,0
3437,3749,3621,0
3437,3750,3622,1
3437,3751,3623,0
3437,3752,3624,1
3437,3753,3625,0
3437,3754,3626,1
3437,3755,3627,0
3437,3756,3628,1
3437,3757,3629,1
3437,3758,3630,1
3437,3759,3631,0
3437,3760,3632,0
3437,3761,3633,1
3437,3762,3634,0
3437,3763,3635,0
3437,3764,3636,1
3437,3765,3637,0
3437,3766,3638,1
3437,3767,3639,1
3437,3768,3640,1
3437,3769,3641,1
3437,3770,3642,0
3437,3771,3643,1
3437,3772,3644,0
3437,3773,3645,1
3437,3774,3646,0
3437,3775,3647,1
3437,3776,3648,1
3437,3777,3649,1
3437,3778,3650,1
3437,3779,3651,1
3437,3780,3652,0
3437,3781,3653,0
3437,3782,3654,1
3437,3783,3655,1
3437,3784,3656,0
3437,3785,3657,0
3437,3786,3658,0
3437,3787,3659,1
3437,3788,3660,0
3437,3789,3661,0
3437,3790,3662,1
3437,3791,3663,0
3437,3792,3664,1
3437,3793,3665,1
3437,3794,3666,0
3437,3795,3667,1
3437,3796,3668,0
3437,3797,3669,1
3437,3798,3670,1
3437,3799,3671,0
3437,3800,3672,0
3437,3801,3673,1
3437,3802,3674,0
3437,3803,3675,1
3437,3804,3676,0
3437,3805,3677,0
3437,3806,3678,0
3437,3807,3679,0
3437,3808,3680,0
3437,3809,3681,0
3437,3810,3682,1
3437,3811,3683,0
3437,3812,3684,1
3437,3813,3685,0
3437,3814,3686,1
3437,3815,3687,1
3437,3816,3688,0
3437,3817,3689,1
3437,3818,3690,1
3437,3819,3691,1
3437,3820,3692,1
3437,3821,3693,1
3437,3822,3694,1
3437,3823,3695,1
3437,3824,3696,0
3437,3825,3697,0
3437,3826,3698,1
3437,3827,3699,0
3437,3828,3700,1
3437,3829,3701,1
3437,3830,3702,0
3437,3831,3703,0
3437,3832,3704,1
3437,3833,3705,0
3437,3834,3706,1
3437,3835,3707,1
3437,3836,3708,1
3437,3837,3709,1
3437,3838,3710,1
3437,3839,3711,1
3437,3840,3712,0
3437,3841,3713,1
3437,3842,3714,1
3437,3843,3715,1
3437,3844,3716,1
3437,3845,3717,1
3437,3846,3718,0
3437,3847,3719,0
3437,3848,3720,1
3437,3849,3721,1
3437,3850,3722,0
3437,3851,3723,0
3437,3852,3724,0
3437,3853,3725,1
3437,3854,3726,1
3437,3855,3727,1
3437,3856,3728,1
3437,3857,3729,1
3437,3858,3730,0
3437,3859,3731,0
3437,3860,3732,1
3437,3861,3733,0
3437,3862,3734,1
3437,3863,3735,0
3437,3864,3736,1
3437,3865,3737,1
3437,3866,3738,1
3437,3867,3739,1
3437,3868,3740,0
3437,3869,3741,0
3437,3870,3742,0
3437,3871,3743,1
3437,3872,3744,1
3437,3873,3745,0
3437,3874,3746,1
3437,3875,3747,0
3437,3876,3748,0
3437,3877,3749,0
3437,3878,3750,1
3437,3879,3751,0
3437,3880,3752,1
3437,3881,3753,1
3437,3882,3754,1
3437,3883,3755,1
3437,3884,3756,0
3437,3885,3757,0
3437,3886,3758,0
3437,3887,3759,0
3437,3888,3760,1
3437,3889,3761,0
3437,3890,3762,1
3437,3891,3763,0
3437,3892,3764,1
3437,3893,3765,1
3437,3894,3766,0
3437,3895,3767,1
3437,3896,3768,1
3437,3897,3769,1
3437,3898,3770,1
3437,3899,3771,0
3437,3900,3772,0
3437,3901,3773,1
3437,3902,3774,1
3437,3903,3775,1
3437,3904,3776,0
3437,3905,3777,0
3437,3906,3778,0
3437,3907,3779,1
3437,3908,3780,0
3437,3909,3781,1
3437,3910,3782,0
3437,3911,3783,1
3437,3912,3784,0
3437,3913,3785,1
3437,3914,3786,0
3437,3915,3787,1
3437,3916,3788,1
3437,3917,3789,1
3437,3918,3790,1
3437,3919,3791,1
3437,3920,3792,1
3437,3921,3793,1
3437,3922,3794,0
3437,3923,3795,1
3437,3924,3796,0
3437,3925,3797,1
3437,3926,3798,0
3437,3927,3799,0
3437,3928,3800,0
3437,3929,3801,0
3437,3930,3802,0
3437,3931,3803,1
3437,3932,3804,1
3437,3933,3805,1
3437,3934,3806,0
3437,3935,3807,1
3437,3936,3808,0
3437,3937,3809,0
3437,3938,3810,0
3437,3939,3811,0
3437,3940,3812,1
3437,3941,3813,1
3437,3942,3814,1
3437,3943,3815,1
3437,3944,3816,1
3437,3945,3817,0
3437,3946,3818,0
3437,3947,3819,0
3437,3948,3820,0
3437,3949,3821,1
3437,3950,3822,1
3437,3951,3823,0
3437,3952,3824,1
3437,3953,3825,0
3437,3954,3826,0
3437,3955,3827,0
3437,3956,3828,0
3437,3957,3829,0
3437,3958,3830,1
3437,3959,3831,1
3437,3960,3832,0
3437,3961,3833,0
3437,3962,3834,1
3437,3963,3835,0
3437,3964,3836,1
3437,3965,3837,0
3437,3966,3838,0
3437,3967,3839,0
3437,3968,3840,0
3437,3969,3841,1
3437,3970,3842,0
3437,3971,3843,1
3437,3972,3844,1
3437,3973,3845,0
3437,3974,3846,1
3437,3975,3847,0
3437,3976,3848,1
3437,3977,3849,1
3437,3978,3850,1
3437,3979,3851,1
3437,3980,3852,1
3437,3981,3853,0
3437,3982,3854,0
3437,3983,3855,0
3437,3984,3856,1
3437,3985,3857,0
3437,3986,3858,0
3437,3987,3859,1
3437,3988,3860,0
3437,3989,3861,0
3437,3990,3862,0
3437,3991,3863,0
3437,3992,3864,1
3437,3993,3865,0
3437,3994,3866,0
3437,3995,3867,1
3437,3996,3868,1
3437,3997,3869,0
3437,3998,3870,1
3437,3999,3871,1
3437,4000,3872,1
3437,4001,3873,0
3437,4002,3874,0
3437,4003,3875,1
3437,4004,3876,0
3437,4005,3877,0
3437,4006,3878,1
3437,4007,3879,1
3437,4008,3880,1
3437,4009,3881,0
3437,4010,3882,1
3437,4011,3883,1
3437,4012,3884,1
3437,4013,3885,0
3437,4014,3886,1
3437,4015,3887,0
3437,4016,3888,1
3437,4017,3889,1
3437,4018,3890,0
3437,4019,3891,1
3437,4020,3892,1
3437,4021,3893,0
3437,4022,3894,1
3437,4023,3895,0
3437,4024,3896,0
3437,4025,3897,1
3437,4026,3898,0
3437,4027,3899,0
3437,4028,3900,1
3437,4029,3901,0
3437,4030,3902,0
3437,4031,3903,1
3437,4032,3904,0
3437,4033,3905,1
3437,4034,3906,1
3437,4035,3907,1
3437,4036,3908,1
3437,4037,3909,0
3437,4038,3910,1
3437,4039,3911,1
3437,4040,3912,0
3437,4041,3913,0
3437,4042,3914,0
3437,4043,3915,1
3437,4044,3916,1
3437,4045,3917,1
3437,4046,3918,1
3437,4047,3919,1
3437,4048,3920,1
3437,4049,3921,1
3437,4050,3922,0
3437,4051,3923,1
3437,4052,3924,0
3437,4053,3925,0
3437,4054,3926,0
3437,4055,3927,1
3437,4056,3928,1
3437,4057,3929,0
3437,4058,3930,0
3437,4059,3931,0
3437,4060,3932,1
3437,4061,3933,1
3437,4062,3934,0
3437,4063,3935,1
3437,4064,3936,0
3437,4065,3937,1
3437,4066,3938,0
3437,4067,3939,1
3437,4068,3940,1
3437,4069,3941,1
3437,4070,3942,0
3437,4071,3943,0
3437,4072,3944,1
3437,4073,3945,0
3437,4074,3946,0
3437,4075,3947,1
3437,4076,3948,1
3437,4077,3949,1
3437,4078,3950,0
3437,4079,3951,0
3437,4080,3952,1
3437,4081,3953,1
3437,4082,3954,0
3437,4083,3955,1
3437,4084,3956,1
3437,4085,3957,1
3437,4086,3958,1
3437,4087,3959,0
3437,4088,3960,1
3437,4089,3961,0
3437,4090,3962,1
3437,4091,3963,0
3437,4092,3964,1
3437,4093,3965,1
3437,4094,3966,0
3437,4095,3967,1
3437,4096,3968,1
3437,4097,3969,0
3437,4098,3970,1
3437,4099,3971,1
3437,4100,3972,1
3437,4101,3973,0
3437,4102,3974,1
3437,4103,3975,1
3437,4104,3976,0
3437,4105,3977,1
3437,4106,3978,1
3437,4107,3979,0
3980,4108,4115,0
3980,4109,3981,0
3980,4110,3982,0
3980,4111,3983,1
3980,4112,3984,1
3980,4113,3985,1
3980,4114,3986,0
3980,4115,3987,1
3980,4116,3988,1
3980,4117,3989,0
3980,4118,3990,1
3980,4119,3991,1
3980,4120,3992,0
3980,4121,3993,1
3980,4122,3994,1
3980,4123,3995,1
3980,4124,3996,1
3980,4125,3997,1
3980,4126,3998,1
3980,4127,3999,0
3980,4128,4000,0
3980,4129,4001,1
3980,4130,4002,0
3980,4131,4003,1
3980,4132,4004,0
3980,4133,4005,0
3980,4134,4006,0
3980,4135,4007,1
3980,4136,4008,1
3980,4137,4009,1
3980,4138,4010,0
3980,4139,4011,1
3980,4140,4012,1
3980,4141,4013,1
3980,4142,4014,0
3980,4143,4015,0
3980,4144,4016,1
3980,4145,4017,1
3980,4146,4018,0
3980,4147,4019,0
3980,4148,4020,0
3980,4149,4021,0
3980,4150,4022,1
3980,4151,4023,0
3980,4152,4024,0
3980,4153,4025,1
3980,4154,4026,1
3980,4155,4027,1
3980,4156,4028,0
3980,4157,4029,1
3980,4158,4030,0
3980,4159,4031,1
3980,4160,4032,1
3980,4161,4033,1
3980,4162,4034,0
3980,4163,4035,1
3980,4164,4036,0
3980,4165,4037,0
3980,4166,4038,0
686,1788,697,1
686,1789,698,1
686,1794,703,0
686,1799,708,1
686,1804,713,0
686,1810,719,0
686,1820,729,1
686,1836,745,0
686,1838,747,0
686,1844,753,1
686,1860,769,0
686,1863,772,1
686,1865,774,0
686,1867,776,0
686,1889,798,1
686,1891,800,1
686,1894,803,1
686,1895,804,0
686,1896,805,1
686,1901,810,1
686,1902,811,0
686,1910,819,1
686,1914,823,1
686,1916,825,0
686,1919,828,0
686,1921,830,1
686,1931,840,1
686,1947,856,0
686,1778,687,0
686,1779,688,0
686,1780,689,0
686,1781,690,0
686,1782,691,1
686,1783,692,0
686,1784,693,1
686,1785,694,1
686,1786,695,0
686,1787,696,1
686,1790,699,0
686,1791,700,1
686,1792,701,0
686,1793,702,1
686,1795,704,1
686,1796,705,0
686,1797,706,1
686,1798,707,0
686,1800,709,0
686,1801,710,1
686,1802,711,1
686,1803,712,1
686,1805,714,1
686,1806,715,0
686,1807,716,1
686,1808,717,1
686,1809,718,0
686,1811,720,1
686,1812,721,1
686,1813,722,1
686,1814,723,0
686,1815,724,1
686,1816,725,1
686,1817,726,1
686,1818,727,1
686,1819,728,0
686,1821,730,0
686,1822,731,0
686,1823,732,0
686,1824,733,0
686,1825,734,1
686,1826,735,1
686,1827,736,0
686,1828,737,1
686,1829,738,0
686,1830,739,1
686,1831,740,0
686,1832,741,0
686,1833,742,1
686,1834,743,1
686,1835,744,0
686,1837,746,1
686,1839,748,0
686,1840,749,0
686,1841,750,1
686,1842,751,1
686,1843,752,0
686,1845,754,0
686,1846,755,0
686,1847,756,1
686,1848,757,0
686,1849,758,1
686,1850,759,0
686,1851,760,0
686,1852,761,1
686,1853,762,1
686,1854,763,1
686,1855,764,0
686,1856,765,0
686,1857,766,0
686,1858,767,1
686,1859,768,1
686,1861,770,1
686,1862,771,1
686,1864,773,1
686,1866,775,1
686,1868,777,1
686,1869,778,0
686,1870,779,1
686,1871,780,0
686,1872,781,1
686,1873,782,1
686,1874,783,1
686,1875,784,1
686,1876,785,1
686,1877,786,0
686,1878,787,1
686,1879,788,0
686,1880,789,1
686,1881,790,1
686,1882,791,1
686,1883,792,0
686,1884,793,1
686,1885,794,1
686,1886,795,1
686,1887,796,0
686,1888,797,0
686,1890,799,0
686,1892,801,1
686,1893,802,0
686,1897,806,1
686,1898,807,0
686,1899,808,1
686,1900,809,0
686,1903,812,1
686,1904,813,0
686,1905,814,1
686,1906,815,1
686,1907,816,1
686,1908,817,1
686,1909,818,0
686,1911,820,0
686,1912,821,0
686,1913,822,0
686,1915,824,1
686,1917,826,0
686,1918,827,1
686,1920,829,0
686,1922,831,0
686,1923,832,0
686,1924,833,1
686,1925,834,0
686,1926,835,1
686,1927,836,1
686,1928,837,1
686,1929,838,0
686,1930,839,0
686,1932,841,1
686,1933,842,1
686,1934,843,1
686,1935,844,1
686,1936,845,1
686,1937,846,0
686,1938,847,1
686,1939,848,1
686,1940,849,0
686,1941,850,1
686,1942,851,0
686,1943,852,1
686,1944,853,1
686,1945,854,1
686,1946,855,1
698,1948,4124,0
698,1949,4126,2
698,1950,4127,0
698,1951,4128,2
698,1952,4129,2
698,1953,4130,0
698,1954,4131,2
698,1955,4132,2
698,1956,4133,0
698,1957,4134,2
698,1958,4135,0
698,1959,4136,2
698,1960,4137,1
698,1961,4138,0
698,1962,4139,0
698,1963,4140,0
698,1964,4141,2
698,1965,4142,0
698,1966,4143,0
698,1967,4144,0
698,1968,4145,0
698,1969,4146,0
698,1970,4147,1
698,1971,4148,2
698,1972,4149,0
698,1973,4150,0
698,1974,4151,2
698,1975,857,0
698,1978,860,1
698,1980,862,1
698,1976,858,0
698,1977,859,1
698,1979,861,2
698,1981,863,2
698,1982,864,0
698,1983,865,0
698,1984,866,0
698,1985,867,1
698,1986,868,0
698,1987,869,0
698,1988,870,1
698,1989,871,0
698,1990,872,0
698,1991,873,1
698,1992,874,1
698,1993,875,0
698,1994,876,0
698,1995,877,1
698,1996,878,0
698,1997,879,0
698,1998,880,0
698,1999,881,1
698,2000,882,0
698,2001,883,0
698,2002,884,2
698,2003,885,1
698,2004,886,0
698,2005,887,0
698,2006,888,2
698,2007,889,0
698,2008,890,2
698,2009,891,0
698,2010,892,0
698,2011,893,2
698,2012,894,0
698,2013,895,1
