Round,ego_node_id,neighbor_node_id,T_i_j,Y_i_j
0,2630,1929,0,0
0,2630,1962,0,0
0,2630,1966,0,0
0,2630,1971,0,0
0,2630,1984,0,0
0,2630,1986,0,500000
0,2630,2030,0,0
0,2630,2037,0,0
0,2630,2073,0,0
0,2630,2074,0,0
0,2630,2083,0,0
0,2630,2088,0,5000000
0,2630,2090,0,0
0,2630,2095,0,0
0,2630,2104,0,0
0,2630,2118,0,4000000
0,2630,2131,0,0
0,2630,2139,0,0
0,2630,2150,0,0
0,2630,2165,0,0
0,2630,2220,0,400000
0,2630,2240,0,0
0,2630,2253,0,550000000
0,2630,2261,0,0
0,2630,2266,0,0
0,2630,2271,0,0
0,2630,2300,0,0
0,2630,2306,0,0
0,2630,2307,0,0
0,2630,2309,0,0
0,2630,2353,0,0
0,2630,2356,0,0
0,2630,2370,0,0
0,2630,2386,0,0
0,2630,2410,0,0
0,2630,2430,0,15000000
0,2630,2446,0,0
0,2630,2460,0,0
0,2630,2464,0,2000000
0,2630,2468,0,0
0,2630,2492,0,0
0,2630,2495,0,0
0,2630,2504,0,0
0,2630,2526,0,0
0,2630,2532,0,0
0,2630,2536,0,0
0,2630,2539,0,0
0,2630,2550,0,0
0,2630,2552,0,0
0,2630,2556,0,0
0,2630,2563,0,5000000
0,2630,2564,0,0
0,2630,2573,0,0
0,2630,2575,0,0
0,2630,2576,0,0
0,2630,2579,0,0
0,2630,2586,0,0
0,2630,2590,0,0
0,2630,2600,0,0
0,2630,2601,0,0
0,2630,2602,0,0
0,2630,2604,0,0
0,2630,2607,0,0
0,2630,2611,0,0
0,2630,2624,0,0
0,2630,2654,0,0
0,2630,2655,0,200000000
1,2630,1929,1,0
1,2630,1962,1,0
1,2630,1966,1,0
1,2630,1971,1,0
1,2630,1984,1,0
1,2630,1986,1,0
1,2630,2030,1,0
1,2630,2037,1,100000000
1,2630,2073,1,0
1,2630,2074,1,0
1,2630,2083,1,0
1,2630,2088,1,0
1,2630,2090,1,0
1,2630,2095,1,0
1,2630,2104,1,0
1,2630,2118,1,0
1,2630,2131,1,0
1,2630,2139,1,0
1,2630,2150,1,0
1,2630,2165,1,0
1,2630,2220,1,0
1,2630,2240,1,0
1,2630,2253,1,1400000000
1,2630,2261,1,0
1,2630,2266,1,0
1,2630,2271,1,0
1,2630,2300,1,0
1,2630,2306,1,0
1,2630,2307,1,0
1,2630,2309,1,0
1,2630,2353,1,0
1,2630,2356,1,0
1,2630,2370,1,0
1,2630,2386,1,0
1,2630,2410,1,0
1,2630,2430,1,100000000
1,2630,2446,1,0
1,2630,2460,1,0
1,2630,2464,1,0
1,2630,2468,1,0
1,2630,2492,1,0
1,2630,2495,1,0
1,2630,2504,1,0
1,2630,2526,1,0
1,2630,2532,1,0
1,2630,2536,1,0
1,2630,2539,1,0
1,2630,2550,1,25000000
1,2630,2552,1,0
1,2630,2556,1,0
1,2630,2563,1,0
1,2630,2564,1,0
1,2630,2573,1,0
1,2630,2575,1,1855000000
1,2630,2576,1,0
1,2630,2579,1,0
1,2630,2586,1,50000000
1,2630,2590,1,0
1,2630,2600,1,0
1,2630,2601,1,0
1,2630,2602,1,0
1,2630,2604,1,0
1,2630,2607,1,0
1,2630,2611,1,0
1,2630,2624,1,0
1,2630,2654,1,0
1,2630,2655,1,0
3,2630,1929,1,0
3,2630,1962,1,0
3,2630,1966,1,5000000
3,2630,1971,1,0
3,2630,1984,1,0
3,2630,1986,1,0
3,2630,2030,1,0
3,2630,2037,1,0
3,2630,2073,1,0
3,2630,2074,1,0
3,2630,2083,1,0
3,2630,2088,1,0
3,2630,2090,1,0
3,2630,2095,1,0
3,2630,2104,1,0
3,2630,2118,1,0
3,2630,2131,1,0
3,2630,2139,1,0
3,2630,2150,1,0
3,2630,2165,1,0
3,2630,2220,1,0
3,2630,2240,1,0
3,2630,2253,1,0
3,2630,2261,1,0
3,2630,2266,1,0
3,2630,2271,1,0
3,2630,2300,1,0
3,2630,2306,1,0
3,2630,2307,1,0
3,2630,2309,1,0
3,2630,2353,1,0
3,2630,2356,1,0
3,2630,2370,1,0
3,2630,2386,1,0
3,2630,2410,1,0
3,2630,2430,1,0
3,2630,2446,1,0
3,2630,2460,1,0
3,2630,2464,1,0
3,2630,2468,1,0
3,2630,2492,1,0
3,2630,2495,1,0
3,2630,2504,1,0
3,2630,2526,1,0
3,2630,2532,1,0
3,2630,2536,1,0
3,2630,2539,1,0
3,2630,2550,1,0
3,2630,2552,1,0
3,2630,2556,1,0
3,2630,2563,1,0
3,2630,2564,1,0
3,2630,2573,1,0
3,2630,2575,1,0
3,2630,2576,1,0
3,2630,2579,1,0
3,2630,2586,1,0
3,2630,2590,1,0
3,2630,2600,1,0
3,2630,2601,1,0
3,2630,2602,1,0
3,2630,2604,1,0
3,2630,2607,1,0
3,2630,2611,1,0
3,2630,2624,1,0
3,2630,2654,1,0
3,2630,2655,1,0
4,2630,1929,1,0
4,2630,1962,1,0
4,2630,1966,1,0
4,2630,1971,1,0
4,2630,1984,1,300000
4,2630,1986,1,0
4,2630,2030,1,0
4,2630,2037,1,0
4,2630,2073,1,0
4,2630,2074,1,0
4,2630,2083,1,0
4,2630,2088,1,0
4,2630,2090,1,0
4,2630,2095,1,0
4,2630,2104,1,0
4,2630,2118,1,0
4,2630,2131,1,0
4,2630,2139,1,0
4,2630,2150,1,0
4,2630,2165,1,0
4,2630,2220,1,0
4,2630,2240,1,0
4,2630,2253,1,0
4,2630,2261,1,0
4,2630,2266,1,0
4,2630,2271,1,0
4,2630,2300,1,0
4,2630,2306,1,0
4,2630,2307,1,0
4,2630,2309,1,0
4,2630,2353,1,40000000
4,2630,2356,1,0
4,2630,2370,1,0
4,2630,2386,1,0
4,2630,2410,1,0
4,2630,2430,1,0
4,2630,2446,1,0
4,2630,2460,1,0
4,2630,2464,1,0
4,2630,2468,1,0
4,2630,2492,1,0
4,2630,2495,1,0
4,2630,2504,1,0
4,2630,2526,1,0
4,2630,2532,1,0
4,2630,2536,1,0
4,2630,2539,1,0
4,2630,2550,1,0
4,2630,2552,1,0
4,2630,2556,1,0
4,2630,2563,1,0
4,2630,2564,1,0
4,2630,2573,1,0
4,2630,2575,1,0
4,2630,2576,1,0
4,2630,2579,1,10000000
4,2630,2586,1,20000000
4,2630,2590,1,0
4,2630,2600,1,0
4,2630,2601,1,0
4,2630,2602,1,0
4,2630,2604,1,0
4,2630,2607,1,0
4,2630,2611,1,0
4,2630,2624,1,0
4,2630,2654,1,0
4,2630,2655,1,0
6,2630,1929,1,0
6,2630,1962,1,0
6,2630,1966,1,0
6,2630,1971,1,0
6,2630,1984,1,0
6,2630,1986,1,0
6,2630,2030,1,0
6,2630,2037,1,0
6,2630,2073,1,0
6,2630,2074,1,0
6,2630,2083,1,0
6,2630,2088,1,0
6,2630,2090,1,0
6,2630,2095,1,0
6,2630,2104,1,0
6,2630,2118,1,0
6,2630,2131,1,0
6,2630,2139,1,0
6,2630,2150,1,8000000
6,2630,2165,1,0
6,2630,2220,1,0
6,2630,2240,1,0
6,2630,2253,1,0
6,2630,2261,1,0
6,2630,2266,1,0
6,2630,2271,1,0
6,2630,2300,1,0
6,2630,2306,1,0
6,2630,2307,1,0
6,2630,2309,1,0
6,2630,2353,1,20000000
6,2630,2356,1,0
6,2630,2370,1,0
6,2630,2386,1,0
6,2630,2410,1,0
6,2630,2430,1,0
6,2630,2446,1,0
6,2630,2460,1,0
6,2630,2464,1,0
6,2630,2468,1,0
6,2630,2492,1,0
6,2630,2495,1,0
6,2630,2504,1,0
6,2630,2526,1,0
6,2630,2532,1,0
6,2630,2536,1,0
6,2630,2539,1,0
6,2630,2550,1,0
6,2630,2552,1,0
6,2630,2556,1,0
6,2630,2563,1,0
6,2630,2564,1,0
6,2630,2573,1,0
6,2630,2575,1,0
6,2630,2576,1,0
6,2630,2579,1,15000000
6,2630,2586,1,70000000
6,2630,2590,1,0
6,2630,2600,1,0
6,2630,2601,1,0
6,2630,2602,1,0
6,2630,2604,1,0
6,2630,2607,1,0
6,2630,2611,1,0
6,2630,2624,1,0
6,2630,2654,1,0
6,2630,2655,1,0
8,2630,1929,1,0
8,2630,1962,1,0
8,2630,1966,1,0
8,2630,1971,1,0
8,2630,1984,1,0
8,2630,1986,1,0
8,2630,2030,1,0
8,2630,2037,1,0
8,2630,2073,1,0
8,2630,2074,1,0
8,2630,2083,1,0
8,2630,2088,1,0
8,2630,2090,1,0
8,2630,2095,1,0
8,2630,2104,1,0
8,2630,2118,1,0
8,2630,2131,1,0
8,2630,2139,1,0
8,2630,2150,1,0
8,2630,2165,1,0
8,2630,2220,1,0
8,2630,2240,1,0
8,2630,2253,1,0
8,2630,2261,1,0
8,2630,2266,1,0
8,2630,2271,1,0
8,2630,2300,1,0
8,2630,2306,1,0
8,2630,2307,1,0
8,2630,2309,1,0
8,2630,2353,1,0
8,2630,2356,1,0
8,2630,2370,1,0
8,2630,2386,1,0
8,2630,2410,1,0
8,2630,2430,1,0
8,2630,2446,1,0
8,2630,2460,1,0
8,2630,2464,1,0
8,2630,2468,1,0
8,2630,2492,1,0
8,2630,2495,1,0
8,2630,2504,1,0
8,2630,2526,1,0
8,2630,2532,1,0
8,2630,2536,1,0
8,2630,2539,1,0
8,2630,2550,1,0
8,2630,2552,1,0
8,2630,2556,1,0
8,2630,2563,1,0
8,2630,2564,1,0
8,2630,2573,1,0
8,2630,2575,1,0
8,2630,2576,1,0
8,2630,2579,1,0
8,2630,2586,1,0
8,2630,2590,1,0
8,2630,2600,1,0
8,2630,2601,1,0
8,2630,2602,1,0
8,2630,2604,1,0
8,2630,2607,1,0
8,2630,2611,1,0
8,2630,2624,1,0
8,2630,2654,1,0
8,2630,2655,1,0
9,2630,1929,1,0
9,2630,1962,1,0
9,2630,1966,1,0
9,2630,1971,1,0
9,2630,1984,1,300000
9,2630,1986,1,0
9,2630,2030,1,0
9,2630,2037,1,0
9,2630,2073,1,0
9,2630,2074,1,0
9,2630,2083,1,0
9,2630,2088,1,0
9,2630,2090,1,0
9,2630,2095,1,0
9,2630,2104,1,0
9,2630,2118,1,0
9,2630,2131,1,0
9,2630,2139,1,0
9,2630,2150,1,0
9,2630,2165,1,0
9,2630,2220,1,0
9,2630,2240,1,0
9,2630,2253,1,0
9,2630,2261,1,100000000
9,2630,2266,1,0
9,2630,2271,1,0
9,2630,2300,1,0
9,2630,2306,1,0
9,2630,2307,1,0
9,2630,2309,1,0
9,2630,2353,1,0
9,2630,2356,1,0
9,2630,2370,1,0
9,2630,2386,1,0
9,2630,2410,1,0
9,2630,2430,1,0
9,2630,2446,1,0
9,2630,2460,1,0
9,2630,2464,1,0
9,2630,2468,1,3000000
9,2630,2492,1,0
9,2630,2495,1,0
9,2630,2504,1,0
9,2630,2526,1,0
9,2630,2532,1,0
9,2630,2536,1,0
9,2630,2539,1,0
9,2630,2550,1,0
9,2630,2552,1,0
9,2630,2556,1,0
9,2630,2563,1,0
9,2630,2564,1,0
9,2630,2573,1,0
9,2630,2575,1,0
9,2630,2576,1,0
9,2630,2579,1,0
9,2630,2586,1,0
9,2630,2590,1,0
9,2630,2600,1,0
9,2630,2601,1,0
9,2630,2602,1,0
9,2630,2604,1,0
9,2630,2607,1,0
9,2630,2611,1,0
9,2630,2624,1,0
9,2630,2654,1,0
9,2630,2655,1,0
10,2630,1929,1,0
10,2630,1962,1,0
10,2630,1966,1,0
10,2630,1971,1,0
10,2630,1984,1,0
10,2630,1986,1,0
10,2630,2030,1,0
10,2630,2037,1,0
10,2630,2073,1,0
10,2630,2074,1,0
10,2630,2083,1,0
10,2630,2088,1,0
10,2630,2090,1,0
10,2630,2095,1,0
10,2630,2104,1,0
10,2630,2118,1,0
10,2630,2131,1,4000000
10,2630,2139,1,0
10,2630,2150,1,0
10,2630,2165,1,0
10,2630,2220,1,0
10,2630,2240,1,0
10,2630,2253,1,0
10,2630,2261,1,0
10,2630,2266,1,0
10,2630,2271,1,0
10,2630,2300,1,0
10,2630,2306,1,0
10,2630,2307,1,0
10,2630,2309,1,0
10,2630,2353,1,0
10,2630,2356,1,0
10,2630,2370,1,0
10,2630,2386,1,0
10,2630,2410,1,1000000
10,2630,2430,1,0
10,2630,2446,1,0
10,2630,2460,1,0
10,2630,2464,1,0
10,2630,2468,1,0
10,2630,2492,1,0
10,2630,2495,1,0
10,2630,2504,1,0
10,2630,2526,1,0
10,2630,2532,1,0
10,2630,2536,1,3000000
10,2630,2539,1,0
10,2630,2550,1,0
10,2630,2552,1,0
10,2630,2556,1,0
10,2630,2563,1,0
10,2630,2564,1,0
10,2630,2573,1,0
10,2630,2575,1,0
10,2630,2576,1,0
10,2630,2579,1,0
10,2630,2586,1,0
10,2630,2590,1,0
10,2630,2600,1,0
10,2630,2601,1,0
10,2630,2602,1,0
10,2630,2604,1,0
10,2630,2607,1,0
10,2630,2611,1,0
10,2630,2624,1,0
10,2630,2654,1,0
10,2630,2655,1,0
11,2630,1929,1,0
11,2630,1962,1,0
11,2630,1966,1,0
11,2630,1971,1,0
11,2630,1984,1,0
11,2630,1986,1,0
11,2630,2030,1,0
11,2630,2037,1,0
11,2630,2073,1,0
11,2630,2074,1,0
11,2630,2083,1,0
11,2630,2088,1,0
11,2630,2090,1,100000
11,2630,2095,1,0
11,2630,2104,1,0
11,2630,2118,1,0
11,2630,2131,1,0
11,2630,2139,1,0
11,2630,2150,1,0
11,2630,2165,1,0
11,2630,2220,1,0
11,2630,2240,1,0
11,2630,2253,1,0
11,2630,2261,1,0
11,2630,2266,1,0
11,2630,2271,1,0
11,2630,2300,1,0
11,2630,2306,1,0
11,2630,2307,1,0
11,2630,2309,1,0
11,2630,2353,1,0
11,2630,2356,1,0
11,2630,2370,1,0
11,2630,2386,1,500000
11,2630,2410,1,0
11,2630,2430,1,0
11,2630,2446,1,0
11,2630,2460,1,0
11,2630,2464,1,0
11,2630,2468,1,0
11,2630,2492,1,0
11,2630,2495,1,0
11,2630,2504,1,0
11,2630,2526,1,0
11,2630,2532,1,0
11,2630,2536,1,0
11,2630,2539,1,0
11,2630,2550,1,0
11,2630,2552,1,0
11,2630,2556,1,3500000
11,2630,2563,1,0
11,2630,2564,1,250000
11,2630,2573,1,0
11,2630,2575,1,0
11,2630,2576,1,0
11,2630,2579,1,0
11,2630,2586,1,0
11,2630,2590,1,0
11,2630,2600,1,0
11,2630,2601,1,0
11,2630,2602,1,0
11,2630,2604,1,0
11,2630,2607,1,0
11,2630,2611,1,0
11,2630,2624,1,0
11,2630,2654,1,0
11,2630,2655,1,0
12,2630,1929,1,0
12,2630,1962,1,0
12,2630,1966,1,0
12,2630,1971,1,0
12,2630,1984,1,0
12,2630,1986,1,0
12,2630,2030,1,0
12,2630,2037,1,0
12,2630,2073,1,0
12,2630,2074,1,0
12,2630,2083,1,0
12,2630,2088,1,0
12,2630,2090,1,0
12,2630,2095,1,0
12,2630,2104,1,0
12,2630,2118,1,0
12,2630,2131,1,0
12,2630,2139,1,0
12,2630,2150,1,0
12,2630,2165,1,0
12,2630,2220,1,0
12,2630,2240,1,0
12,2630,2253,1,0
12,2630,2261,1,0
12,2630,2266,1,0
12,2630,2271,1,0
12,2630,2300,1,1000000
12,2630,2306,1,0
12,2630,2307,1,0
12,2630,2309,1,0
12,2630,2353,1,0
12,2630,2356,1,40000000
12,2630,2370,1,0
12,2630,2386,1,0
12,2630,2410,1,2000000
12,2630,2430,1,0
12,2630,2446,1,0
12,2630,2460,1,0
12,2630,2464,1,0
12,2630,2468,1,0
12,2630,2492,1,0
12,2630,2495,1,0
12,2630,2504,1,32500000
12,2630,2526,1,0
12,2630,2532,1,0
12,2630,2536,1,0
12,2630,2539,1,0
12,2630,2550,1,0
12,2630,2552,1,0
12,2630,2556,1,0
12,2630,2563,1,0
12,2630,2564,1,0
12,2630,2573,1,0
12,2630,2575,1,0
12,2630,2576,1,0
12,2630,2579,1,0
12,2630,2586,1,0
12,2630,2590,1,0
12,2630,2600,1,0
12,2630,2601,1,0
12,2630,2602,1,40500000
12,2630,2604,1,0
12,2630,2607,1,0
12,2630,2611,1,0
12,2630,2624,1,0
12,2630,2654,1,0
12,2630,2655,1,0
13,2630,1929,1,0
13,2630,1962,1,0
13,2630,1966,1,0
13,2630,1971,1,0
13,2630,1984,1,0
13,2630,1986,1,0
13,2630,2030,1,0
13,2630,2037,1,0
13,2630,2073,1,0
13,2630,2074,1,0
13,2630,2083,1,0
13,2630,2088,1,0
13,2630,2090,1,0
13,2630,2095,1,0
13,2630,2104,1,0
13,2630,2118,1,0
13,2630,2131,1,0
13,2630,2139,1,0
13,2630,2150,1,0
13,2630,2165,1,0
13,2630,2220,1,0
13,2630,2240,1,0
13,2630,2253,1,0
13,2630,2261,1,0
13,2630,2266,1,0
13,2630,2271,1,0
13,2630,2300,1,0
13,2630,2306,1,0
13,2630,2307,1,0
13,2630,2309,1,0
13,2630,2353,1,0
13,2630,2356,1,0
13,2630,2370,1,0
13,2630,2386,1,0
13,2630,2410,1,0
13,2630,2430,1,0
13,2630,2446,1,0
13,2630,2460,1,0
13,2630,2464,1,0
13,2630,2468,1,0
13,2630,2492,1,10000000
13,2630,2495,1,0
13,2630,2504,1,0
13,2630,2526,1,0
13,2630,2532,1,0
13,2630,2536,1,0
13,2630,2539,1,0
13,2630,2550,1,0
13,2630,2552,1,20000000
13,2630,2556,1,5000000
13,2630,2563,1,0
13,2630,2564,1,0
13,2630,2573,1,0
13,2630,2575,1,0
13,2630,2576,1,0
13,2630,2579,1,0
13,2630,2586,1,0
13,2630,2590,1,20000000
13,2630,2600,1,0
13,2630,2601,1,30000000
13,2630,2602,1,0
13,2630,2604,1,0
13,2630,2607,1,0
13,2630,2611,1,0
13,2630,2624,1,0
13,2630,2654,1,0
13,2630,2655,1,0
14,2630,1929,1,0
14,2630,1962,1,0
14,2630,1966,1,0
14,2630,1971,1,0
14,2630,1984,1,0
14,2630,1986,1,0
14,2630,2030,1,0
14,2630,2037,1,0
14,2630,2073,1,0
14,2630,2074,1,0
14,2630,2083,1,0
14,2630,2088,1,0
14,2630,2090,1,0
14,2630,2095,1,0
14,2630,2104,1,0
14,2630,2118,1,0
14,2630,2131,1,0
14,2630,2139,1,0
14,2630,2150,1,0
14,2630,2165,1,0
14,2630,2220,1,0
14,2630,2240,1,0
14,2630,2253,1,0
14,2630,2261,1,0
14,2630,2266,1,0
14,2630,2271,1,0
14,2630,2300,1,0
14,2630,2306,1,0
14,2630,2307,1,0
14,2630,2309,1,0
14,2630,2353,1,0
14,2630,2356,1,0
14,2630,2370,1,0
14,2630,2386,1,0
14,2630,2410,1,0
14,2630,2430,1,0
14,2630,2446,1,0
14,2630,2460,1,0
14,2630,2464,1,0
14,2630,2468,1,0
14,2630,2492,1,0
14,2630,2495,1,0
14,2630,2504,1,0
14,2630,2526,1,0
14,2630,2532,1,0
14,2630,2536,1,0
14,2630,2539,1,0
14,2630,2550,1,0
14,2630,2552,1,0
14,2630,2556,1,0
14,2630,2563,1,0
14,2630,2564,1,0
14,2630,2573,1,0
14,2630,2575,1,0
14,2630,2576,1,0
14,2630,2579,1,0
14,2630,2586,1,0
14,2630,2590,1,0
14,2630,2600,1,0
14,2630,2601,1,0
14,2630,2602,1,0
14,2630,2604,1,0
14,2630,2607,1,0
14,2630,2611,1,0
14,2630,2624,1,0
14,2630,2654,1,0
14,2630,2655,1,0
15,2630,1929,0,0
15,2630,1962,0,0
15,2630,1966,0,0
15,2630,1971,0,0
15,2630,1984,0,0
15,2630,1986,0,0
15,2630,2030,0,0
15,2630,2037,0,0
15,2630,2073,0,1000000
15,2630,2074,0,0
15,2630,2083,0,0
15,2630,2088,0,0
15,2630,2090,0,0
15,2630,2095,0,0
15,2630,2104,0,0
15,2630,2118,0,0
15,2630,2131,0,0
15,2630,2139,0,0
15,2630,2150,0,0
15,2630,2165,0,0
15,2630,2220,0,0
15,2630,2240,0,0
15,2630,2253,0,0
15,2630,2261,0,0
15,2630,2266,0,0
15,2630,2271,0,0
15,2630,2300,0,0
15,2630,2306,0,0
15,2630,2307,0,0
15,2630,2309,0,0
15,2630,2353,0,0
15,2630,2356,0,0
15,2630,2370,0,0
15,2630,2386,0,0
15,2630,2410,0,0
15,2630,2430,0,0
15,2630,2446,0,0
15,2630,2460,0,0
15,2630,2464,0,0
15,2630,2468,0,0
15,2630,2492,0,0
15,2630,2495,0,0
15,2630,2504,0,0
15,2630,2526,0,5000000
15,2630,2532,0,0
15,2630,2536,0,0
15,2630,2539,0,0
15,2630,2550,0,0
15,2630,2552,0,0
15,2630,2556,0,0
15,2630,2563,0,0
15,2630,2564,0,0
15,2630,2573,0,0
15,2630,2575,0,0
15,2630,2576,0,0
15,2630,2579,0,0
15,2630,2586,0,0
15,2630,2590,0,0
15,2630,2600,0,0
15,2630,2601,0,0
15,2630,2602,0,0
15,2630,2604,0,0
15,2630,2607,0,0
15,2630,2611,0,0
15,2630,2624,0,0
15,2630,2654,0,0
15,2630,2655,0,0
16,2630,1929,0,0
16,2630,1962,0,0
16,2630,1966,0,0
16,2630,1971,0,0
16,2630,1984,0,0
16,2630,1986,0,0
16,2630,2030,0,0
16,2630,2037,0,0
16,2630,2073,0,0
16,2630,2074,0,0
16,2630,2083,0,0
16,2630,2088,0,0
16,2630,2090,0,0
16,2630,2095,0,2484000
16,2630,2104,0,0
16,2630,2118,0,0
16,2630,2131,0,0
16,2630,2139,0,0
16,2630,2150,0,0
16,2630,2165,0,0
16,2630,2220,0,0
16,2630,2240,0,0
16,2630,2253,0,0
16,2630,2261,0,0
16,2630,2266,0,0
16,2630,2271,0,0
16,2630,2300,0,0
16,2630,2306,0,0
16,2630,2307,0,0
16,2630,2309,0,0
16,2630,2353,0,0
16,2630,2356,0,0
16,2630,2370,0,0
16,2630,2386,0,0
16,2630,2410,0,0
16,2630,2430,0,0
16,2630,2446,0,0
16,2630,2460,0,0
16,2630,2464,0,0
16,2630,2468,0,0
16,2630,2492,0,0
16,2630,2495,0,0
16,2630,2504,0,0
16,2630,2526,0,20000000
16,2630,2532,0,0
16,2630,2536,0,0
16,2630,2539,0,0
16,2630,2550,0,0
16,2630,2552,0,0
16,2630,2556,0,0
16,2630,2563,0,0
16,2630,2564,0,0
16,2630,2573,0,0
16,2630,2575,0,0
16,2630,2576,0,0
16,2630,2579,0,0
16,2630,2586,0,0
16,2630,2590,0,0
16,2630,2600,0,0
16,2630,2601,0,100000000
16,2630,2602,0,0
16,2630,2604,0,0
16,2630,2607,0,0
16,2630,2611,0,0
16,2630,2624,0,0
16,2630,2654,0,0
16,2630,2655,0,0
18,2630,1929,1,0
18,2630,1962,1,0
18,2630,1966,1,0
18,2630,1971,1,0
18,2630,1984,1,0
18,2630,1986,1,0
18,2630,2030,1,0
18,2630,2037,1,0
18,2630,2073,1,0
18,2630,2074,1,0
18,2630,2083,1,0
18,2630,2088,1,0
18,2630,2090,1,0
18,2630,2095,1,0
18,2630,2104,1,0
18,2630,2118,1,0
18,2630,2131,1,0
18,2630,2139,1,0
18,2630,2150,1,0
18,2630,2165,1,0
18,2630,2220,1,0
18,2630,2240,1,0
18,2630,2253,1,0
18,2630,2261,1,0
18,2630,2266,1,0
18,2630,2271,1,0
18,2630,2300,1,0
18,2630,2306,1,0
18,2630,2307,1,0
18,2630,2309,1,0
18,2630,2353,1,0
18,2630,2356,1,0
18,2630,2370,1,0
18,2630,2386,1,0
18,2630,2410,1,0
18,2630,2430,1,0
18,2630,2446,1,0
18,2630,2460,1,0
18,2630,2464,1,0
18,2630,2468,1,0
18,2630,2492,1,0
18,2630,2495,1,0
18,2630,2504,1,0
18,2630,2526,1,0
18,2630,2532,1,0
18,2630,2536,1,0
18,2630,2539,1,0
18,2630,2550,1,0
18,2630,2552,1,0
18,2630,2556,1,0
18,2630,2563,1,0
18,2630,2564,1,0
18,2630,2573,1,0
18,2630,2575,1,0
18,2630,2576,1,0
18,2630,2579,1,0
18,2630,2586,1,0
18,2630,2590,1,0
18,2630,2600,1,0
18,2630,2601,1,0
18,2630,2602,1,0
18,2630,2604,1,0
18,2630,2607,1,0
18,2630,2611,1,0
18,2630,2624,1,0
18,2630,2654,1,0
18,2630,2655,1,0
20,2630,1929,1,0
20,2630,1962,1,0
20,2630,1966,1,0
20,2630,1971,1,0
20,2630,1984,1,0
20,2630,1986,1,0
20,2630,2030,1,0
20,2630,2037,1,0
20,2630,2073,1,1000000
20,2630,2074,1,10000000
20,2630,2083,1,0
20,2630,2088,1,0
20,2630,2090,1,0
20,2630,2095,1,0
20,2630,2104,1,1000000
20,2630,2118,1,0
20,2630,2131,1,0
20,2630,2139,1,0
20,2630,2150,1,0
20,2630,2165,1,3000000
20,2630,2220,1,0
20,2630,2240,1,0
20,2630,2253,1,0
20,2630,2261,1,0
20,2630,2266,1,0
20,2630,2271,1,0
20,2630,2300,1,0
20,2630,2306,1,0
20,2630,2307,1,60000000
20,2630,2309,1,0
20,2630,2353,1,0
20,2630,2356,1,0
20,2630,2370,1,20000000
20,2630,2386,1,0
20,2630,2410,1,0
20,2630,2430,1,0
20,2630,2446,1,0
20,2630,2460,1,0
20,2630,2464,1,0
20,2630,2468,1,0
20,2630,2492,1,0
20,2630,2495,1,0
20,2630,2504,1,0
20,2630,2526,1,30000000
20,2630,2532,1,10000000
20,2630,2536,1,0
20,2630,2539,1,0
20,2630,2550,1,0
20,2630,2552,1,0
20,2630,2556,1,0
20,2630,2563,1,0
20,2630,2564,1,0
20,2630,2573,1,0
20,2630,2575,1,0
20,2630,2576,1,2000000
20,2630,2579,1,0
20,2630,2586,1,0
20,2630,2590,1,0
20,2630,2600,1,0
20,2630,2601,1,0
20,2630,2602,1,0
20,2630,2604,1,0
20,2630,2607,1,50000000
20,2630,2611,1,0
20,2630,2624,1,0
20,2630,2654,1,0
20,2630,2655,1,0
21,2630,1929,1,0
21,2630,1962,1,2500000
21,2630,1966,1,0
21,2630,1971,1,0
21,2630,1984,1,0
21,2630,1986,1,0
21,2630,2030,1,100000000
21,2630,2037,1,0
21,2630,2073,1,0
21,2630,2074,1,0
21,2630,2083,1,2500000
21,2630,2088,1,0
21,2630,2090,1,0
21,2630,2095,1,0
21,2630,2104,1,0
21,2630,2118,1,0
21,2630,2131,1,0
21,2630,2139,1,100000000
21,2630,2150,1,0
21,2630,2165,1,0
21,2630,2220,1,0
21,2630,2240,1,0
21,2630,2253,1,0
21,2630,2261,1,0
21,2630,2266,1,7500000
21,2630,2271,1,0
21,2630,2300,1,0
21,2630,2306,1,0
21,2630,2307,1,0
21,2630,2309,1,5000000
21,2630,2353,1,0
21,2630,2356,1,0
21,2630,2370,1,0
21,2630,2386,1,0
21,2630,2410,1,0
21,2630,2430,1,0
21,2630,2446,1,10000000
21,2630,2460,1,2000000
21,2630,2464,1,0
21,2630,2468,1,0
21,2630,2492,1,0
21,2630,2495,1,0
21,2630,2504,1,0
21,2630,2526,1,0
21,2630,2532,1,0
21,2630,2536,1,0
21,2630,2539,1,0
21,2630,2550,1,0
21,2630,2552,1,0
21,2630,2556,1,0
21,2630,2563,1,0
21,2630,2564,1,0
21,2630,2573,1,15000000
21,2630,2575,1,0
21,2630,2576,1,0
21,2630,2579,1,0
21,2630,2586,1,0
21,2630,2590,1,0
21,2630,2600,1,0
21,2630,2601,1,0
21,2630,2602,1,0
21,2630,2604,1,0
21,2630,2607,1,0
21,2630,2611,1,2000000
21,2630,2624,1,0
21,2630,2654,1,9600000
21,2630,2655,1,0
22,2630,1929,1,0
22,2630,1962,1,0
22,2630,1966,1,0
22,2630,1971,1,0
22,2630,1984,1,0
22,2630,1986,1,0
22,2630,2030,1,0
22,2630,2037,1,0
22,2630,2073,1,0
22,2630,2074,1,0
22,2630,2083,1,2500000
22,2630,2088,1,0
22,2630,2090,1,0
22,2630,2095,1,0
22,2630,2104,1,0
22,2630,2118,1,0
22,2630,2131,1,0
22,2630,2139,1,0
22,2630,2150,1,0
22,2630,2165,1,0
22,2630,2220,1,0
22,2630,2240,1,0
22,2630,2253,1,0
22,2630,2261,1,0
22,2630,2266,1,0
22,2630,2271,1,100000
22,2630,2300,1,0
22,2630,2306,1,55000000
22,2630,2307,1,0
22,2630,2309,1,0
22,2630,2353,1,0
22,2630,2356,1,0
22,2630,2370,1,0
22,2630,2386,1,0
22,2630,2410,1,0
22,2630,2430,1,0
22,2630,2446,1,0
22,2630,2460,1,0
22,2630,2464,1,0
22,2630,2468,1,0
22,2630,2492,1,0
22,2630,2495,1,0
22,2630,2504,1,0
22,2630,2526,1,100000000
22,2630,2532,1,0
22,2630,2536,1,0
22,2630,2539,1,0
22,2630,2550,1,0
22,2630,2552,1,0
22,2630,2556,1,0
22,2630,2563,1,0
22,2630,2564,1,0
22,2630,2573,1,0
22,2630,2575,1,0
22,2630,2576,1,0
22,2630,2579,1,0
22,2630,2586,1,0
22,2630,2590,1,0
22,2630,2600,1,30000000
22,2630,2601,1,0
22,2630,2602,1,0
22,2630,2604,1,2500000
22,2630,2607,1,0
22,2630,2611,1,0
22,2630,2624,1,12000000
22,2630,2654,1,0
22,2630,2655,1,0
23,2630,1929,0,10000000
23,2630,1962,0,0
23,2630,1966,0,0
23,2630,1971,0,0
23,2630,1984,0,0
23,2630,1986,0,0
23,2630,2030,0,0
23,2630,2037,0,0
23,2630,2073,0,0
23,2630,2074,0,0
23,2630,2083,0,0
23,2630,2088,0,0
23,2630,2090,0,0
23,2630,2095,0,0
23,2630,2104,0,0
23,2630,2118,0,0
23,2630,2131,0,0
23,2630,2139,0,0
23,2630,2150,0,0
23,2630,2165,0,0
23,2630,2220,0,0
23,2630,2240,0,55000000
23,2630,2253,0,0
23,2630,2261,0,0
23,2630,2266,0,0
23,2630,2271,0,0
23,2630,2300,0,0
23,2630,2306,0,0
23,2630,2307,0,0
23,2630,2309,0,0
23,2630,2353,0,0
23,2630,2356,0,0
23,2630,2370,0,0
23,2630,2386,0,0
23,2630,2410,0,0
23,2630,2430,0,0
23,2630,2446,0,0
23,2630,2460,0,0
23,2630,2464,0,0
23,2630,2468,0,0
23,2630,2492,0,0
23,2630,2495,0,0
23,2630,2504,0,0
23,2630,2526,0,0
23,2630,2532,0,0
23,2630,2536,0,0
23,2630,2539,0,20000000
23,2630,2550,0,0
23,2630,2552,0,0
23,2630,2556,0,0
23,2630,2563,0,0
23,2630,2564,0,0
23,2630,2573,0,0
23,2630,2575,0,0
23,2630,2576,0,0
23,2630,2579,0,0
23,2630,2586,0,0
23,2630,2590,0,0
23,2630,2600,0,0
23,2630,2601,0,0
23,2630,2602,0,0
23,2630,2604,0,0
23,2630,2607,0,0
23,2630,2611,0,0
23,2630,2624,0,0
23,2630,2654,0,0
23,2630,2655,0,0
25,2630,1929,1,0
25,2630,1962,1,0
25,2630,1966,1,0
25,2630,1971,1,1500000
25,2630,1984,1,0
25,2630,1986,1,0
25,2630,2030,1,0
25,2630,2037,1,0
25,2630,2073,1,0
25,2630,2074,1,0
25,2630,2083,1,2000000
25,2630,2088,1,0
25,2630,2090,1,0
25,2630,2095,1,0
25,2630,2104,1,0
25,2630,2118,1,0
25,2630,2131,1,0
25,2630,2139,1,0
25,2630,2150,1,0
25,2630,2165,1,0
25,2630,2220,1,0
25,2630,2240,1,0
25,2630,2253,1,0
25,2630,2261,1,0
25,2630,2266,1,0
25,2630,2271,1,0
25,2630,2300,1,0
25,2630,2306,1,0
25,2630,2307,1,0
25,2630,2309,1,0
25,2630,2353,1,0
25,2630,2356,1,0
25,2630,2370,1,0
25,2630,2386,1,0
25,2630,2410,1,0
25,2630,2430,1,0
25,2630,2446,1,0
25,2630,2460,1,0
25,2630,2464,1,0
25,2630,2468,1,0
25,2630,2492,1,0
25,2630,2495,1,6000000
25,2630,2504,1,0
25,2630,2526,1,150000000
25,2630,2532,1,0
25,2630,2536,1,0
25,2630,2539,1,0
25,2630,2550,1,0
25,2630,2552,1,0
25,2630,2556,1,5000000
25,2630,2563,1,0
25,2630,2564,1,0
25,2630,2573,1,0
25,2630,2575,1,0
25,2630,2576,1,0
25,2630,2579,1,0
25,2630,2586,1,0
25,2630,2590,1,0
25,2630,2600,1,0
25,2630,2601,1,0
25,2630,2602,1,0
25,2630,2604,1,0
25,2630,2607,1,0
25,2630,2611,1,0
25,2630,2624,1,0
25,2630,2654,1,0
25,2630,2655,1,0
