Name of the Political Party,Prefix,Denominations,Journal Date,对应的local_node_id,Round
"PRESIDENT, ALL INDIA CONGRESS COMMITTEE",OC,10000000,2019-04-16,207,0
"PRESIDENT, ALL INDIA CONGRESS COMMITTEE",OL,100000,2019-04-15,94,0
"PRESIDENT, ALL INDIA CONGRESS COMMITTEE",OL,100000,2019-04-15,94,0
"PRESIDENT, ALL INDIA CONGRESS COMMITTEE",OL,100000,2019-04-15,94,0
"PRESIDENT, ALL INDIA CONGRESS COMMITTEE",OL,100000,2019-04-15,94,0
"PRESIDENT, ALL INDIA CONGRESS COMMITTEE",OL,100000,2019-04-15,94,0
"PRESIDENT, ALL INDIA CONGRESS COMMITTEE",OL,100000,2019-04-15,143,0
"PRESIDENT, ALL INDIA CONGRESS COMMITTEE",OL,100000,2019-04-15,143,0
"PRESIDENT, ALL INDIA CONGRESS COMMITTEE",OL,100000,2019-04-15,143,0
"PRESIDENT, ALL INDIA CONGRESS COMMITTEE",OL,100000,2019-04-15,143,0
"PRESIDENT, ALL INDIA CONGRESS COMMITTEE",OL,100000,2019-04-15,143,0
BHARATIYA JANATA PARTY,OC,10000000,2019-04-12,276,0
BHARATIYA JANATA PARTY,OC,10000000,2019-04-12,276,0
BHARATIYA JANATA PARTY,OC,10000000,2019-04-12,276,0
BHARATIYA JANATA PARTY,OC,10000000,2019-04-12,276,0
BHARATIYA JANATA PARTY,OC,10000000,2019-04-12,276,0
BHARATIYA JANATA PARTY,TL,1000000,2019-04-12,34,0
BHARATIYA JANATA PARTY,TL,1000000,2019-04-12,34,0
BHARATIYA JANATA PARTY,TL,1000000,2019-04-18,104,0
SHIROMANI AKALI DAL,TT,10000,2019-04-18,236,0
SHIROMANI AKALI DAL,TT,10000,2019-04-18,236,0
SHIROMANI AKALI DAL,TT,10000,2019-04-18,236,0
BHARATIYA JANATA PARTY,OC,10000000,2019-04-18,135,0
BHARATIYA JANATA PARTY,OT,1000,2019-04-16,135,0
BHARATIYA JANATA PARTY,OC,10000000,2019-04-16,207,0
BHARATIYA JANATA PARTY,OC,10000000,2019-04-16,207,0
BHARATIYA JANATA PARTY,OC,10000000,2019-04-16,207,0
BHARATIYA JANATA PARTY,TL,1000000,2019-04-18,13,0
BHARATIYA JANATA PARTY,TL,1000000,2019-04-18,13,0
BHARATIYA JANATA PARTY,TL,1000000,2019-04-18,13,0
BHARATIYA JANATA PARTY,TL,1000000,2019-04-18,13,0
BHARATIYA JANATA PARTY,TL,1000000,2019-04-18,13,0
BHARATIYA JANATA PARTY,TL,1000000,2019-04-12,203,0
BHARATIYA JANATA PARTY,TL,1000000,2019-04-12,203,0
BHARATIYA JANATA PARTY,TL,1000000,2019-04-12,203,0
BHARATIYA JANATA PARTY,OL,100000,2019-04-12,203,0
BHARATIYA JANATA PARTY,OL,100000,2019-04-12,203,0
BHARATIYA JANATA PARTY,OL,100000,2019-04-12,203,0
BHARATIYA JANATA PARTY,OL,100000,2019-04-12,203,0
BHARATIYA JANATA PARTY,OL,100000,2019-04-12,203,0
BHARATIYA JANATA PARTY,OL,100000,2019-04-12,203,0
BHARATIYA JANATA PARTY,OL,100000,2019-04-12,203,0
BHARATIYA JANATA PARTY,OL,100000,2019-04-12,203,0
BHARATIYA JANATA PARTY,OL,100000,2019-04-12,203,0
BHARATIYA JANATA PARTY,OL,100000,2019-04-12,203,0
SHIVSENA,OL,100000,2019-04-20,4041,0
SHIVSENA,OL,100000,2019-04-20,4041,0
"PRESIDENT, ALL INDIA CONGRESS COMMITTEE",OC,10000000,2019-05-06,340,1
"PRESIDENT, ALL INDIA CONGRESS COMMITTEE",TL,1000000,2019-05-06,340,1
"PRESIDENT, ALL INDIA CONGRESS COMMITTEE",TL,1000000,2019-05-06,340,1
"PRESIDENT, ALL INDIA CONGRESS COMMITTEE",TL,1000000,2019-05-06,340,1
"PRESIDENT, ALL INDIA CONGRESS COMMITTEE",TL,1000000,2019-05-06,340,1
"PRESIDENT, ALL INDIA CONGRESS COMMITTEE",TL,1000000,2019-05-06,340,1
"PRESIDENT, ALL INDIA CONGRESS COMMITTEE",TL,1000000,2019-05-06,340,1
"PRESIDENT, ALL INDIA CONGRESS COMMITTEE",TL,1000000,2019-05-06,340,1
"PRESIDENT, ALL INDIA CONGRESS COMMITTEE",TL,1000000,2019-05-06,340,1
"PRESIDENT, ALL INDIA CONGRESS COMMITTEE",TL,1000000,2019-05-06,340,1
"PRESIDENT, ALL INDIA CONGRESS COMMITTEE",TL,1000000,2019-05-06,340,1
NATIONALIST CONGRESS PARTY MAHARASHTRA PRADESH,TL,1000000,2019-05-07,11,1
NATIONALIST CONGRESS PARTY MAHARASHTRA PRADESH,TL,1000000,2019-05-07,11,1
NATIONALIST CONGRESS PARTY MAHARASHTRA PRADESH,TL,1000000,2019-05-07,11,1
NATIONALIST CONGRESS PARTY MAHARASHTRA PRADESH,TL,1000000,2019-05-07,11,1
NATIONALIST CONGRESS PARTY MAHARASHTRA PRADESH,TL,1000000,2019-05-07,11,1
NATIONALIST CONGRESS PARTY MAHARASHTRA PRADESH,TL,1000000,2019-05-07,11,1
NATIONALIST CONGRESS PARTY MAHARASHTRA PRADESH,TL,1000000,2019-05-07,11,1
NATIONALIST CONGRESS PARTY MAHARASHTRA PRADESH,TL,1000000,2019-05-07,11,1
NATIONALIST CONGRESS PARTY MAHARASHTRA PRADESH,TL,1000000,2019-05-07,11,1
NATIONALIST CONGRESS PARTY MAHARASHTRA PRADESH,TL,1000000,2019-05-07,11,1
BHARATIYA JANATA PARTY,OC,10000000,2019-05-06,193,1
BHARATIYA JANATA PARTY,OC,10000000,2019-05-06,193,1
BHARATIYA JANATA PARTY,OC,10000000,2019-05-06,193,1
BHARATIYA JANATA PARTY,OC,10000000,2019-05-06,193,1
BHARATIYA JANATA PARTY,OC,10000000,2019-05-06,193,1
BHARATIYA JANATA PARTY,OC,10000000,2019-05-06,193,1
BHARATIYA JANATA PARTY,OC,10000000,2019-05-06,193,1
BHARATIYA JANATA PARTY,OC,10000000,2019-05-06,193,1
BHARATIYA JANATA PARTY,OC,10000000,2019-05-06,193,1
BHARATIYA JANATA PARTY,OC,10000000,2019-05-06,193,1
BHARATIYA JANATA PARTY,OC,10000000,2019-05-06,153,1
BHARATIYA JANATA PARTY,OC,10000000,2019-05-06,153,1
BHARATIYA JANATA PARTY,OC,10000000,2019-05-06,153,1
BHARATIYA JANATA PARTY,OC,10000000,2019-05-06,153,1
BHARATIYA JANATA PARTY,OC,10000000,2019-05-06,153,1
BHARATIYA JANATA PARTY,OC,10000000,2019-05-06,153,1
BHARATIYA JANATA PARTY,OC,10000000,2019-05-06,153,1
BHARATIYA JANATA PARTY,OC,10000000,2019-05-06,153,1
BHARATIYA JANATA PARTY,OC,10000000,2019-05-06,153,1
BHARATIYA JANATA PARTY,OC,10000000,2019-05-06,153,1
BHARATIYA JANATA PARTY,OC,10000000,2019-05-06,153,1
BHARATIYA JANATA PARTY,OC,10000000,2019-05-06,153,1
BHARATIYA JANATA PARTY,OC,10000000,2019-05-06,153,1
BHARATIYA JANATA PARTY,OC,10000000,2019-05-06,153,1
BHARATIYA JANATA PARTY,OC,10000000,2019-05-06,153,1
BHARATIYA JANATA PARTY,OC,10000000,2019-05-06,153,1
BHARATIYA JANATA PARTY,OC,10000000,2019-05-07,267,1
BHARATIYA JANATA PARTY,OC,10000000,2019-05-07,267,1
BHARATIYA JANATA PARTY,TL,1000000,2019-05-06,193,1
BHARATIYA JANATA PARTY,TL,1000000,2019-05-06,193,1
BHARATIYA JANATA PARTY,TL,1000000,2019-05-06,193,1
BHARATIYA JANATA PARTY,TL,1000000,2019-05-06,193,1
BHARATIYA JANATA PARTY,TL,1000000,2019-05-06,193,1
ALL INDIA TRINAMOOL CONGRESS,OC,10000000,2019-05-08,3,1
ALL INDIA TRINAMOOL CONGRESS,OC,10000000,2019-05-08,3,1
ALL INDIA TRINAMOOL CONGRESS,OC,10000000,2019-05-08,3,1
ALL INDIA TRINAMOOL CONGRESS,OC,10000000,2019-05-08,3,1
ALL INDIA TRINAMOOL CONGRESS,TL,1000000,2019-05-08,3,1
ALL INDIA TRINAMOOL CONGRESS,TL,1000000,2019-05-08,3,1
ALL INDIA TRINAMOOL CONGRESS,TL,1000000,2019-05-08,3,1
ALL INDIA TRINAMOOL CONGRESS,TL,1000000,2019-05-08,3,1
ALL INDIA TRINAMOOL CONGRESS,TL,1000000,2019-05-08,3,1
ALL INDIA TRINAMOOL CONGRESS,TL,1000000,2019-05-08,3,1
ALL INDIA TRINAMOOL CONGRESS,TL,1000000,2019-05-08,3,1
ALL INDIA TRINAMOOL CONGRESS,TL,1000000,2019-05-08,3,1
ALL INDIA TRINAMOOL CONGRESS,TL,1000000,2019-05-08,3,1
ALL INDIA TRINAMOOL CONGRESS,OL,100000,2019-05-08,3,1
ALL INDIA TRINAMOOL CONGRESS,OL,100000,2019-05-08,3,1
ALL INDIA TRINAMOOL CONGRESS,OL,100000,2019-05-08,3,1
ALL INDIA TRINAMOOL CONGRESS,OL,100000,2019-05-08,3,1
ALL INDIA TRINAMOOL CONGRESS,OL,100000,2019-05-08,3,1
ALL INDIA TRINAMOOL CONGRESS,TT,10000,2019-05-08,3,1
ALL INDIA TRINAMOOL CONGRESS,TT,10000,2019-05-08,3,1
ALL INDIA TRINAMOOL CONGRESS,TT,10000,2019-05-08,3,1
ALL INDIA TRINAMOOL CONGRESS,TT,10000,2019-05-08,3,1
ALL INDIA TRINAMOOL CONGRESS,OT,1000,2019-05-08,3,1
ALL INDIA TRINAMOOL CONGRESS,OT,1000,2019-05-08,3,1
ALL INDIA TRINAMOOL CONGRESS,OT,1000,2019-05-08,3,1
ALL INDIA TRINAMOOL CONGRESS,OT,1000,2019-05-08,3,1
ALL INDIA TRINAMOOL CONGRESS,OT,1000,2019-05-08,3,1
ALL INDIA TRINAMOOL CONGRESS,OT,1000,2019-05-08,3,1
BHARATIYA JANATA PARTY,OC,10000000,2019-05-08,182,1
BHARATIYA JANATA PARTY,OC,10000000,2019-05-08,182,1
BHARATIYA JANATA PARTY,OC,10000000,2019-05-08,182,1
BHARATIYA JANATA PARTY,OC,10000000,2019-05-08,182,1
BHARATIYA JANATA PARTY,OC,10000000,2019-05-08,182,1
BHARAT RASHTRA SAMITHI,OC,10000000,2019-05-08,3,1
BHARAT RASHTRA SAMITHI,TL,1000000,2019-05-08,3,1
BHARAT RASHTRA SAMITHI,TL,1000000,2019-05-08,3,1
BHARAT RASHTRA SAMITHI,TL,1000000,2019-05-08,3,1
BHARAT RASHTRA SAMITHI,TL,1000000,2019-05-08,3,1
BHARAT RASHTRA SAMITHI,TL,1000000,2019-05-08,3,1
BHARAT RASHTRA SAMITHI,TL,1000000,2019-05-08,3,1
BHARAT RASHTRA SAMITHI,TT,10000,2019-05-08,3,1
BHARAT RASHTRA SAMITHI,TT,10000,2019-05-08,3,1
BHARAT RASHTRA SAMITHI,OT,1000,2019-05-08,3,1
BHARAT RASHTRA SAMITHI,OT,1000,2019-05-08,3,1
BHARAT RASHTRA SAMITHI,OT,1000,2019-05-08,3,1
BHARAT RASHTRA SAMITHI,OT,1000,2019-05-08,3,1
BHARAT RASHTRA SAMITHI,OT,1000,2019-05-08,3,1
BHARAT RASHTRA SAMITHI,OT,1000,2019-05-08,3,1
BHARAT RASHTRA SAMITHI,OT,1000,2019-05-08,3,1
BHARAT RASHTRA SAMITHI,OT,1000,2019-05-08,3,1
BHARAT RASHTRA SAMITHI,OT,1000,2019-05-08,3,1
"PRESIDENT, ALL INDIA CONGRESS COMMITTEE",OC,10000000,2019-05-10,37,1
"PRESIDENT, ALL INDIA CONGRESS COMMITTEE",OC,10000000,2019-05-10,37,1
"PRESIDENT, ALL INDIA CONGRESS COMMITTEE",TL,1000000,2019-05-06,207,1
"PRESIDENT, ALL INDIA CONGRESS COMMITTEE",TL,1000000,2019-05-06,207,1
"PRESIDENT, ALL INDIA CONGRESS COMMITTEE",TL,1000000,2019-05-06,207,1
"PRESIDENT, ALL INDIA CONGRESS COMMITTEE",TL,1000000,2019-05-06,207,1
"PRESIDENT, ALL INDIA CONGRESS COMMITTEE",TL,1000000,2019-05-06,207,1
BHARATIYA JANATA PARTY,OC,10000000,2019-05-10,37,1
BHARATIYA JANATA PARTY,OC,10000000,2019-05-10,37,1
BHARATIYA JANATA PARTY,OC,10000000,2019-05-10,37,1
BHARATIYA JANATA PARTY,TL,1000000,2019-05-08,43,1
SHIVSENA,OC,10000000,2019-07-09,77,2
SHIVSENA,OC,10000000,2019-07-09,77,2
ALL INDIA TRINAMOOL CONGRESS,TL,1000000,2019-07-05,140,2
ALL INDIA TRINAMOOL CONGRESS,TL,1000000,2019-07-05,140,2
ALL INDIA TRINAMOOL CONGRESS,TL,1000000,2019-07-09,140,2
ALL INDIA TRINAMOOL CONGRESS,TL,1000000,2019-07-10,41,2
ALL INDIA TRINAMOOL CONGRESS,OL,100000,2019-07-10,41,2
ALL INDIA TRINAMOOL CONGRESS,OL,100000,2019-07-10,41,2
ALL INDIA TRINAMOOL CONGRESS,OL,100000,2019-07-10,41,2
ALL INDIA TRINAMOOL CONGRESS,OL,100000,2019-07-10,41,2
ALL INDIA TRINAMOOL CONGRESS,OL,100000,2019-07-10,41,2
ALL INDIA TRINAMOOL CONGRESS,OL,100000,2019-07-10,41,2
ALL INDIA TRINAMOOL CONGRESS,OL,100000,2019-07-10,41,2
ALL INDIA TRINAMOOL CONGRESS,OL,100000,2019-07-10,41,2
BHARATIYA JANATA PARTY,TL,1000000,2019-10-07,144,3
BHARATIYA JANATA PARTY,TL,1000000,2019-10-07,144,3
BHARATIYA JANATA PARTY,TL,1000000,2019-10-07,144,3
BHARATIYA JANATA PARTY,TL,1000000,2019-10-07,144,3
BHARATIYA JANATA PARTY,TL,1000000,2019-10-07,144,3
BHARATIYA JANATA PARTY,TL,1000000,2019-10-07,144,3
BHARATIYA JANATA PARTY,TL,1000000,2019-10-07,144,3
BHARATIYA JANATA PARTY,TL,1000000,2019-10-07,144,3
BHARATIYA JANATA PARTY,TL,1000000,2019-10-07,144,3
BHARATIYA JANATA PARTY,TL,1000000,2019-10-07,144,3
BHARATIYA JANATA PARTY,OL,100000,2019-10-09,305,3
BHARATIYA JANATA PARTY,TT,10000,2019-10-09,305,3
BHARATIYA JANATA PARTY,TT,10000,2019-10-09,305,3
BHARATIYA JANATA PARTY,TT,10000,2019-10-09,305,3
BHARATIYA JANATA PARTY,TT,10000,2019-10-09,305,3
BHARATIYA JANATA PARTY,TT,10000,2019-10-09,305,3
BHARATIYA JANATA PARTY,TT,10000,2019-10-09,56,3
BHARATIYA JANATA PARTY,TT,10000,2019-10-09,56,3
BHARATIYA JANATA PARTY,TT,10000,2019-10-09,56,3
BHARATIYA JANATA PARTY,TT,10000,2019-10-09,56,3
BHARATIYA JANATA PARTY,TT,10000,2019-10-09,56,3
BHARATIYA JANATA PARTY,OC,10000000,2019-10-09,77,3
BIJU JANATA DAL,OC,10000000,2020-01-16,136,4
BIJU JANATA DAL,OC,10000000,2020-01-16,136,4
BIJU JANATA DAL,OC,10000000,2020-01-16,136,4
BIJU JANATA DAL,OC,10000000,2020-01-16,136,4
BIJU JANATA DAL,OC,10000000,2020-01-21,136,4
BIJU JANATA DAL,OC,10000000,2020-01-21,136,4
BIJU JANATA DAL,OC,10000000,2020-01-21,136,4
ALL INDIA TRINAMOOL CONGRESS,OL,100000,2020-01-18,200,4
ALL INDIA TRINAMOOL CONGRESS,OL,100000,2020-01-18,200,4
ALL INDIA TRINAMOOL CONGRESS,OL,100000,2020-01-18,200,4
BIJU JANATA DAL,OC,10000000,2020-10-22,136,6
BIJU JANATA DAL,OC,10000000,2020-10-22,136,6
BIJU JANATA DAL,OC,10000000,2020-10-22,136,6
BIJU JANATA DAL,OC,10000000,2020-10-22,136,6
BIJU JANATA DAL,OC,10000000,2020-10-22,136,6
BIJU JANATA DAL,OC,10000000,2020-10-22,136,6
BIJU JANATA DAL,OC,10000000,2020-10-22,136,6
BIJU JANATA DAL,OC,10000000,2020-10-22,136,6
ALL INDIA TRINAMOOL CONGRESS,TL,1000000,2021-04-07,69,9
ALL INDIA TRINAMOOL CONGRESS,TL,1000000,2021-04-07,69,9
ALL INDIA TRINAMOOL CONGRESS,TL,1000000,2021-04-07,69,9
ALL INDIA TRINAMOOL CONGRESS,TL,1000000,2021-04-07,69,9
ALL INDIA TRINAMOOL CONGRESS,TL,1000000,2021-04-07,69,9
ALL INDIA TRINAMOOL CONGRESS,TL,1000000,2021-04-07,69,9
ALL INDIA TRINAMOOL CONGRESS,TL,1000000,2021-04-07,69,9
ALL INDIA TRINAMOOL CONGRESS,TL,1000000,2021-04-07,69,9
ALL INDIA TRINAMOOL CONGRESS,TL,1000000,2021-04-07,69,9
ALL INDIA TRINAMOOL CONGRESS,TL,1000000,2021-04-07,69,9
ALL INDIA TRINAMOOL CONGRESS,TL,1000000,2021-04-07,69,9
ALL INDIA TRINAMOOL CONGRESS,TL,1000000,2021-04-07,69,9
ALL INDIA TRINAMOOL CONGRESS,OL,100000,2021-04-07,69,9
ALL INDIA TRINAMOOL CONGRESS,OL,100000,2021-04-07,69,9
ALL INDIA TRINAMOOL CONGRESS,OL,100000,2021-04-07,69,9
ALL INDIA TRINAMOOL CONGRESS,OL,100000,2021-04-07,69,9
ALL INDIA TRINAMOOL CONGRESS,OL,100000,2021-04-07,69,9
ALL INDIA TRINAMOOL CONGRESS,OL,100000,2021-04-08,200,9
ALL INDIA TRINAMOOL CONGRESS,OL,100000,2021-04-08,200,9
ALL INDIA TRINAMOOL CONGRESS,OL,100000,2021-04-08,200,9
BHARATIYA JANATA PARTY,OC,10000000,2021-04-06,109,9
BHARATIYA JANATA PARTY,OC,10000000,2021-04-06,109,9
BHARATIYA JANATA PARTY,OC,10000000,2021-04-07,141,9
BHARATIYA JANATA PARTY,OC,10000000,2021-04-07,141,9
BHARATIYA JANATA PARTY,OC,10000000,2021-04-07,141,9
BHARATIYA JANATA PARTY,OC,10000000,2021-04-07,141,9
BHARATIYA JANATA PARTY,OC,10000000,2021-04-07,141,9
BHARATIYA JANATA PARTY,TL,1000000,2021-04-03,50,9
BHARATIYA JANATA PARTY,TL,1000000,2021-04-03,50,9
BHARATIYA JANATA PARTY,TL,1000000,2021-04-03,50,9
BHARATIYA JANATA PARTY,TL,1000000,2021-04-03,50,9
BHARATIYA JANATA PARTY,TL,1000000,2021-04-03,50,9
BHARATIYA JANATA PARTY,TL,1000000,2021-04-03,50,9
BHARATIYA JANATA PARTY,TL,1000000,2021-04-03,50,9
BHARATIYA JANATA PARTY,TL,1000000,2021-04-03,50,9
BHARATIYA JANATA PARTY,TL,1000000,2021-04-03,50,9
BHARATIYA JANATA PARTY,TL,1000000,2021-04-03,50,9
BHARATIYA JANATA PARTY,TL,1000000,2021-04-03,50,9
BHARATIYA JANATA PARTY,TL,1000000,2021-04-03,50,9
BHARATIYA JANATA PARTY,TL,1000000,2021-04-03,50,9
BHARATIYA JANATA PARTY,TL,1000000,2021-04-03,50,9
BHARATIYA JANATA PARTY,TL,1000000,2021-04-03,50,9
BHARATIYA JANATA PARTY,TL,1000000,2021-04-05,50,9
BHARATIYA JANATA PARTY,TL,1000000,2021-04-05,50,9
BHARATIYA JANATA PARTY,TL,1000000,2021-04-05,50,9
BHARATIYA JANATA PARTY,TL,1000000,2021-04-05,50,9
BHARATIYA JANATA PARTY,TL,1000000,2021-04-05,50,9
BHARATIYA JANATA PARTY,TL,1000000,2021-04-05,50,9
BHARATIYA JANATA PARTY,TL,1000000,2021-04-05,50,9
BHARATIYA JANATA PARTY,TL,1000000,2021-04-05,50,9
BHARATIYA JANATA PARTY,TL,1000000,2021-04-05,50,9
BHARATIYA JANATA PARTY,TL,1000000,2021-04-05,50,9
BHARATIYA JANATA PARTY,TL,1000000,2021-04-05,50,9
BHARATIYA JANATA PARTY,TL,1000000,2021-04-05,50,9
BHARATIYA JANATA PARTY,TL,1000000,2021-04-05,50,9
BHARATIYA JANATA PARTY,TL,1000000,2021-04-05,50,9
BHARATIYA JANATA PARTY,TL,1000000,2021-04-05,50,9
BHARATIYA JANATA PARTY,TL,1000000,2021-04-06,109,9
BHARATIYA JANATA PARTY,TL,1000000,2021-04-06,109,9
BHARATIYA JANATA PARTY,TL,1000000,2021-04-06,109,9
BHARATIYA JANATA PARTY,TL,1000000,2021-04-06,109,9
BHARATIYA JANATA PARTY,TL,1000000,2021-04-06,109,9
BIJU JANATA DAL,OC,10000000,2021-04-05,343,9
BIJU JANATA DAL,OC,10000000,2021-04-05,343,9
BIJU JANATA DAL,OC,10000000,2021-04-05,343,9
BIJU JANATA DAL,OC,10000000,2021-04-05,343,9
BIJU JANATA DAL,OC,10000000,2021-04-05,343,9
BIJU JANATA DAL,OC,10000000,2021-04-05,343,9
BIJU JANATA DAL,OC,10000000,2021-04-05,343,9
BIJU JANATA DAL,OC,10000000,2021-04-05,343,9
BIJU JANATA DAL,OC,10000000,2021-04-05,343,9
BIJU JANATA DAL,OC,10000000,2021-04-05,343,9
BIJU JANATA DAL,OC,10000000,2021-04-05,343,9
BIJU JANATA DAL,OC,10000000,2021-04-05,343,9
BIJU JANATA DAL,OC,10000000,2021-04-05,343,9
BIJU JANATA DAL,OC,10000000,2021-04-05,343,9
BIJU JANATA DAL,OC,10000000,2021-04-05,343,9
BIJU JANATA DAL,OC,10000000,2021-04-05,343,9
BIJU JANATA DAL,OC,10000000,2021-04-05,343,9
BIJU JANATA DAL,OC,10000000,2021-04-05,343,9
BIJU JANATA DAL,OC,10000000,2021-04-05,343,9
BIJU JANATA DAL,OC,10000000,2021-04-05,343,9
BIJU JANATA DAL,OC,10000000,2021-04-05,343,9
BIJU JANATA DAL,OC,10000000,2021-04-05,343,9
BIJU JANATA DAL,OC,10000000,2021-04-05,343,9
BIJU JANATA DAL,OC,10000000,2021-04-05,343,9
BIJU JANATA DAL,OC,10000000,2021-04-05,343,9
BIJU JANATA DAL,OC,10000000,2021-04-05,343,9
BIJU JANATA DAL,OC,10000000,2021-04-05,343,9
BIJU JANATA DAL,OC,10000000,2021-04-05,343,9
BIJU JANATA DAL,OC,10000000,2021-04-05,343,9
BIJU JANATA DAL,OC,10000000,2021-04-05,343,9
BIJU JANATA DAL,OC,10000000,2021-04-05,343,9
BIJU JANATA DAL,OC,10000000,2021-04-05,343,9
BIJU JANATA DAL,OC,10000000,2021-04-05,343,9
BIJU JANATA DAL,OC,10000000,2021-04-05,343,9
BIJU JANATA DAL,OC,10000000,2021-04-05,343,9
BIJU JANATA DAL,OC,10000000,2021-04-05,343,9
BIJU JANATA DAL,OC,10000000,2021-04-05,343,9
BIJU JANATA DAL,OC,10000000,2021-04-05,343,9
BIJU JANATA DAL,OC,10000000,2021-04-05,343,9
BIJU JANATA DAL,OC,10000000,2021-04-05,343,9
BIJU JANATA DAL,OC,10000000,2021-04-05,343,9
BIJU JANATA DAL,OC,10000000,2021-04-05,343,9
BIJU JANATA DAL,OC,10000000,2021-04-05,343,9
BIJU JANATA DAL,OC,10000000,2021-04-05,343,9
BIJU JANATA DAL,OC,10000000,2021-04-05,343,9
BIJU JANATA DAL,OC,10000000,2021-04-05,343,9
BIJU JANATA DAL,OC,10000000,2021-04-05,343,9
BIJU JANATA DAL,OC,10000000,2021-04-05,343,9
BIJU JANATA DAL,OC,10000000,2021-04-05,343,9
BIJU JANATA DAL,OC,10000000,2021-04-05,343,9
"PRESIDENT, ALL INDIA CONGRESS COMMITTEE",TL,1000000,2021-04-09,262,9
"PRESIDENT, ALL INDIA CONGRESS COMMITTEE",OL,100000,2021-07-02,40,10
"PRESIDENT, ALL INDIA CONGRESS COMMITTEE",OL,100000,2021-07-02,40,10
"PRESIDENT, ALL INDIA CONGRESS COMMITTEE",OL,100000,2021-07-02,40,10
"PRESIDENT, ALL INDIA CONGRESS COMMITTEE",OL,100000,2021-07-02,40,10
"PRESIDENT, ALL INDIA CONGRESS COMMITTEE",OL,100000,2021-07-02,40,10
"PRESIDENT, ALL INDIA CONGRESS COMMITTEE",OL,100000,2021-07-02,20,10
"PRESIDENT, ALL INDIA CONGRESS COMMITTEE",OL,100000,2021-07-02,20,10
"PRESIDENT, ALL INDIA CONGRESS COMMITTEE",OL,100000,2021-07-02,20,10
"PRESIDENT, ALL INDIA CONGRESS COMMITTEE",OL,100000,2021-07-02,20,10
"PRESIDENT, ALL INDIA CONGRESS COMMITTEE",OL,100000,2021-07-02,20,10
ALL INDIA TRINAMOOL CONGRESS,TL,1000000,2021-07-08,326,10
ALL INDIA TRINAMOOL CONGRESS,TL,1000000,2021-07-08,326,10
ALL INDIA TRINAMOOL CONGRESS,TL,1000000,2021-07-08,142,10
ALL INDIA TRINAMOOL CONGRESS,TL,1000000,2021-07-08,142,10
ALL INDIA TRINAMOOL CONGRESS,OC,10000000,2021-07-07,227,10
BIJU JANATA DAL,OC,10000000,2021-10-05,136,11
BIJU JANATA DAL,OC,10000000,2021-10-05,136,11
BIJU JANATA DAL,OC,10000000,2021-10-05,136,11
BIJU JANATA DAL,OC,10000000,2021-10-05,136,11
BIJU JANATA DAL,OC,10000000,2021-10-05,136,11
BIJU JANATA DAL,OC,10000000,2021-10-05,136,11
BIJU JANATA DAL,OC,10000000,2021-10-05,136,11
BIJU JANATA DAL,OC,10000000,2021-10-05,136,11
BIJU JANATA DAL,OC,10000000,2021-10-05,136,11
BIJU JANATA DAL,OC,10000000,2021-10-05,136,11
BIJU JANATA DAL,OC,10000000,2021-10-05,136,11
BIJU JANATA DAL,OC,10000000,2021-10-05,136,11
BIJU JANATA DAL,OC,10000000,2021-10-05,136,11
BIJU JANATA DAL,OC,10000000,2021-10-05,136,11
BIJU JANATA DAL,OC,10000000,2021-10-05,136,11
BIJU JANATA DAL,OC,10000000,2021-10-05,136,11
BIJU JANATA DAL,OC,10000000,2021-10-05,136,11
BIJU JANATA DAL,OC,10000000,2021-10-05,136,11
BIJU JANATA DAL,OC,10000000,2021-10-05,136,11
BIJU JANATA DAL,OC,10000000,2021-10-05,136,11
"PRESIDENT, ALL INDIA CONGRESS COMMITTEE",TL,1000000,2021-10-06,228,11
"PRESIDENT, ALL INDIA CONGRESS COMMITTEE",TL,1000000,2021-10-06,228,11
"PRESIDENT, ALL INDIA CONGRESS COMMITTEE",OL,100000,2021-10-06,228,11
"PRESIDENT, ALL INDIA CONGRESS COMMITTEE",OL,100000,2021-10-06,228,11
"PRESIDENT, ALL INDIA CONGRESS COMMITTEE",OL,100000,2021-10-06,228,11
"PRESIDENT, ALL INDIA CONGRESS COMMITTEE",OL,100000,2021-10-06,228,11
"PRESIDENT, ALL INDIA CONGRESS COMMITTEE",OL,100000,2021-10-06,228,11
ALL INDIA TRINAMOOL CONGRESS,TL,1000000,2021-10-04,248,11
ALL INDIA TRINAMOOL CONGRESS,TL,1000000,2021-10-04,248,11
ALL INDIA TRINAMOOL CONGRESS,TL,1000000,2021-10-04,248,11
ALL INDIA TRINAMOOL CONGRESS,TL,1000000,2021-10-04,248,11
ALL INDIA TRINAMOOL CONGRESS,TL,1000000,2021-10-04,248,11
ALL INDIA TRINAMOOL CONGRESS,TL,1000000,2021-10-04,248,11
BHARAT RASHTRA SAMITHI,OC,10000000,2021-10-07,210,11
BHARAT RASHTRA SAMITHI,OC,10000000,2021-10-07,210,11
BHARAT RASHTRA SAMITHI,OC,10000000,2021-10-07,320,11
BHARAT RASHTRA SAMITHI,OC,10000000,2021-10-07,320,11
ALL INDIA TRINAMOOL CONGRESS,TL,1000000,2021-10-05,93,11
ALL INDIA TRINAMOOL CONGRESS,TL,1000000,2021-10-05,93,11
ALL INDIA TRINAMOOL CONGRESS,TL,1000000,2021-10-05,93,11
ALL INDIA TRINAMOOL CONGRESS,TL,1000000,2021-10-05,93,11
ALL INDIA TRINAMOOL CONGRESS,TL,1000000,2021-10-05,93,11
ALL INDIA TRINAMOOL CONGRESS,TL,1000000,2021-10-05,93,11
ALL INDIA TRINAMOOL CONGRESS,TL,1000000,2021-10-05,93,11
BHARATIYA JANATA PARTY,OC,10000000,2021-10-07,132,11
BHARATIYA JANATA PARTY,OC,10000000,2021-10-07,132,11
BHARATIYA JANATA PARTY,OC,10000000,2021-10-07,132,11
BHARATIYA JANATA PARTY,OC,10000000,2021-10-07,132,11
BHARATIYA JANATA PARTY,OC,10000000,2021-10-07,132,11
"PRESIDENT, ALL INDIA CONGRESS COMMITTEE",OL,100000,2021-10-07,232,11
"PRESIDENT, ALL INDIA CONGRESS COMMITTEE",OL,100000,2021-10-07,232,11
"PRESIDENT, ALL INDIA CONGRESS COMMITTEE",OL,100000,2021-10-07,232,11
"PRESIDENT, ALL INDIA CONGRESS COMMITTEE",OL,100000,2021-10-07,232,11
"PRESIDENT, ALL INDIA CONGRESS COMMITTEE",OL,100000,2021-10-07,232,11
"PRESIDENT, ALL INDIA CONGRESS COMMITTEE",OL,100000,2021-10-07,232,11
BIJU JANATA DAL,OC,10000000,2021-10-08,102,11
BIJU JANATA DAL,OC,10000000,2021-10-08,102,11
BIJU JANATA DAL,OC,10000000,2021-10-08,102,11
BIJU JANATA DAL,OC,10000000,2021-10-08,102,11
BIJU JANATA DAL,OC,10000000,2021-10-08,102,11
"PRESIDENT, ALL INDIA CONGRESS COMMITTEE",TT,10000,2021-10-08,202,11
"PRESIDENT, ALL INDIA CONGRESS COMMITTEE",TT,10000,2021-10-08,202,11
"PRESIDENT, ALL INDIA CONGRESS COMMITTEE",TT,10000,2021-10-08,202,11
"PRESIDENT, ALL INDIA CONGRESS COMMITTEE",TT,10000,2021-10-08,202,11
"PRESIDENT, ALL INDIA CONGRESS COMMITTEE",TT,10000,2021-10-08,202,11
"PRESIDENT, ALL INDIA CONGRESS COMMITTEE",TT,10000,2021-10-08,202,11
"PRESIDENT, ALL INDIA CONGRESS COMMITTEE",TT,10000,2021-10-08,202,11
"PRESIDENT, ALL INDIA CONGRESS COMMITTEE",OT,1000,2021-10-08,202,11
"PRESIDENT, ALL INDIA CONGRESS COMMITTEE",OT,1000,2021-10-08,202,11
"PRESIDENT, ALL INDIA CONGRESS COMMITTEE",OT,1000,2021-10-08,202,11
"PRESIDENT, ALL INDIA CONGRESS COMMITTEE",OT,1000,2021-10-08,202,11
"PRESIDENT, ALL INDIA CONGRESS COMMITTEE",OT,1000,2021-10-08,202,11
ALL INDIA TRINAMOOL CONGRESS,OL,100000,2021-10-07,229,11
ALL INDIA TRINAMOOL CONGRESS,OL,100000,2021-10-07,47,11
ALL INDIA TRINAMOOL CONGRESS,OL,100000,2021-10-07,47,11
ALL INDIA TRINAMOOL CONGRESS,OL,100000,2021-10-07,47,11
ALL INDIA TRINAMOOL CONGRESS,OL,100000,2021-10-07,47,11
ALL INDIA TRINAMOOL CONGRESS,OL,100000,2021-10-07,47,11
ALL INDIA TRINAMOOL CONGRESS,OL,100000,2021-10-07,47,11
ALL INDIA TRINAMOOL CONGRESS,OL,100000,2021-10-07,47,11
ALL INDIA TRINAMOOL CONGRESS,OL,100000,2021-10-07,213,11
ALL INDIA TRINAMOOL CONGRESS,OL,100000,2021-10-07,86,11
ALL INDIA TRINAMOOL CONGRESS,OL,100000,2021-10-07,86,11
ALL INDIA TRINAMOOL CONGRESS,OL,100000,2021-10-07,86,11
ALL INDIA TRINAMOOL CONGRESS,TL,1000000,2021-10-08,326,11
ALL INDIA TRINAMOOL CONGRESS,TL,1000000,2021-10-08,326,11
ALL INDIA TRINAMOOL CONGRESS,OL,100000,2021-10-08,326,11
ALL INDIA TRINAMOOL CONGRESS,OL,100000,2021-10-08,326,11
ALL INDIA TRINAMOOL CONGRESS,OL,100000,2021-10-08,326,11
ALL INDIA TRINAMOOL CONGRESS,OL,100000,2021-10-08,326,11
ALL INDIA TRINAMOOL CONGRESS,OL,100000,2021-10-08,326,11
BIJU JANATA DAL,OC,10000000,2022-01-07,102,12
BIJU JANATA DAL,OC,10000000,2022-01-07,102,12
BIJU JANATA DAL,OC,10000000,2022-01-07,102,12
BIJU JANATA DAL,OC,10000000,2022-01-07,102,12
BIJU JANATA DAL,OC,10000000,2022-01-07,102,12
"PRESIDENT, ALL INDIA CONGRESS COMMITTEE",OC,10000000,2022-01-06,190,12
"PRESIDENT, ALL INDIA CONGRESS COMMITTEE",OC,10000000,2022-01-06,190,12
"PRESIDENT, ALL INDIA CONGRESS COMMITTEE",OC,10000000,2022-01-06,190,12
"PRESIDENT, ALL INDIA CONGRESS COMMITTEE",OC,10000000,2022-01-06,190,12
"PRESIDENT, ALL INDIA CONGRESS COMMITTEE",OC,10000000,2022-01-06,190,12
"PRESIDENT, ALL INDIA CONGRESS COMMITTEE",OC,10000000,2022-01-06,190,12
"PRESIDENT, ALL INDIA CONGRESS COMMITTEE",OC,10000000,2022-01-06,190,12
"PRESIDENT, ALL INDIA CONGRESS COMMITTEE",OC,10000000,2022-01-06,190,12
"PRESIDENT, ALL INDIA CONGRESS COMMITTEE",OC,10000000,2022-01-06,190,12
"PRESIDENT, ALL INDIA CONGRESS COMMITTEE",OC,10000000,2022-01-06,190,12
"PRESIDENT, ALL INDIA CONGRESS COMMITTEE",OC,10000000,2022-01-06,190,12
"PRESIDENT, ALL INDIA CONGRESS COMMITTEE",OC,10000000,2022-01-06,190,12
"PRESIDENT, ALL INDIA CONGRESS COMMITTEE",OC,10000000,2022-01-06,190,12
"PRESIDENT, ALL INDIA CONGRESS COMMITTEE",OC,10000000,2022-01-06,190,12
"PRESIDENT, ALL INDIA CONGRESS COMMITTEE",OC,10000000,2022-01-06,190,12
"PRESIDENT, ALL INDIA CONGRESS COMMITTEE",OC,10000000,2022-01-06,190,12
"PRESIDENT, ALL INDIA CONGRESS COMMITTEE",OC,10000000,2022-01-06,190,12
"PRESIDENT, ALL INDIA CONGRESS COMMITTEE",OC,10000000,2022-01-06,190,12
"PRESIDENT, ALL INDIA CONGRESS COMMITTEE",OC,10000000,2022-01-06,190,12
"PRESIDENT, ALL INDIA CONGRESS COMMITTEE",OC,10000000,2022-01-06,190,12
ALL INDIA TRINAMOOL CONGRESS,OC,10000000,2022-01-06,4044,12
ALL INDIA TRINAMOOL CONGRESS,OC,10000000,2022-01-06,4044,12
ALL INDIA TRINAMOOL CONGRESS,OC,10000000,2022-01-06,4044,12
ALL INDIA TRINAMOOL CONGRESS,OC,10000000,2022-01-06,4044,12
ALL INDIA TRINAMOOL CONGRESS,OC,10000000,2022-01-06,4044,12
ALL INDIA TRINAMOOL CONGRESS,OC,10000000,2022-01-06,4044,12
ALL INDIA TRINAMOOL CONGRESS,OC,10000000,2022-01-06,4044,12
ALL INDIA TRINAMOOL CONGRESS,OC,10000000,2022-01-06,4044,12
ALL INDIA TRINAMOOL CONGRESS,OC,10000000,2022-01-06,4044,12
ALL INDIA TRINAMOOL CONGRESS,OC,10000000,2022-01-06,4044,12
BIJU JANATA DAL,OC,10000000,2022-01-07,30,12
BIJU JANATA DAL,OC,10000000,2022-01-07,30,12
DRAVIDA MUNNETRA KAZHAGAM (DMK),OC,10000000,2022-01-06,4044,12
DRAVIDA MUNNETRA KAZHAGAM (DMK),OC,10000000,2022-01-06,4044,12
DRAVIDA MUNNETRA KAZHAGAM (DMK),OC,10000000,2022-01-06,4044,12
DRAVIDA MUNNETRA KAZHAGAM (DMK),OC,10000000,2022-01-06,4044,12
DRAVIDA MUNNETRA KAZHAGAM (DMK),OC,10000000,2022-01-06,4044,12
DRAVIDA MUNNETRA KAZHAGAM (DMK),OC,10000000,2022-01-06,4044,12
DRAVIDA MUNNETRA KAZHAGAM (DMK),OC,10000000,2022-01-06,4044,12
DRAVIDA MUNNETRA KAZHAGAM (DMK),OC,10000000,2022-01-06,4044,12
DRAVIDA MUNNETRA KAZHAGAM (DMK),OC,10000000,2022-01-06,4044,12
DRAVIDA MUNNETRA KAZHAGAM (DMK),OC,10000000,2022-01-06,4044,12
DRAVIDA MUNNETRA KAZHAGAM (DMK),OC,10000000,2022-01-06,4044,12
DRAVIDA MUNNETRA KAZHAGAM (DMK),OC,10000000,2022-01-06,4044,12
DRAVIDA MUNNETRA KAZHAGAM (DMK),OC,10000000,2022-01-06,4044,12
DRAVIDA MUNNETRA KAZHAGAM (DMK),OC,10000000,2022-01-06,4044,12
DRAVIDA MUNNETRA KAZHAGAM (DMK),OC,10000000,2022-01-06,4044,12
DRAVIDA MUNNETRA KAZHAGAM (DMK),OC,10000000,2022-01-06,4044,12
DRAVIDA MUNNETRA KAZHAGAM (DMK),OC,10000000,2022-01-06,4044,12
DRAVIDA MUNNETRA KAZHAGAM (DMK),OC,10000000,2022-01-06,4044,12
DRAVIDA MUNNETRA KAZHAGAM (DMK),OC,10000000,2022-01-06,4044,12
DRAVIDA MUNNETRA KAZHAGAM (DMK),OC,10000000,2022-01-06,4044,12
DRAVIDA MUNNETRA KAZHAGAM (DMK),OC,10000000,2022-01-06,4044,12
DRAVIDA MUNNETRA KAZHAGAM (DMK),OC,10000000,2022-01-06,4044,12
DRAVIDA MUNNETRA KAZHAGAM (DMK),OC,10000000,2022-01-06,4044,12
DRAVIDA MUNNETRA KAZHAGAM (DMK),OC,10000000,2022-01-06,4044,12
DRAVIDA MUNNETRA KAZHAGAM (DMK),OC,10000000,2022-01-06,4044,12
DRAVIDA MUNNETRA KAZHAGAM (DMK),OC,10000000,2022-01-06,4044,12
DRAVIDA MUNNETRA KAZHAGAM (DMK),OC,10000000,2022-01-06,4044,12
DRAVIDA MUNNETRA KAZHAGAM (DMK),OC,10000000,2022-01-06,4044,12
DRAVIDA MUNNETRA KAZHAGAM (DMK),OC,10000000,2022-01-06,4044,12
DRAVIDA MUNNETRA KAZHAGAM (DMK),OC,10000000,2022-01-06,4044,12
DRAVIDA MUNNETRA KAZHAGAM (DMK),OC,10000000,2022-01-06,4044,12
DRAVIDA MUNNETRA KAZHAGAM (DMK),OC,10000000,2022-01-06,4044,12
DRAVIDA MUNNETRA KAZHAGAM (DMK),OC,10000000,2022-01-06,4044,12
DRAVIDA MUNNETRA KAZHAGAM (DMK),OC,10000000,2022-01-06,4044,12
DRAVIDA MUNNETRA KAZHAGAM (DMK),OC,10000000,2022-01-06,4044,12
DRAVIDA MUNNETRA KAZHAGAM (DMK),OC,10000000,2022-01-06,4044,12
DRAVIDA MUNNETRA KAZHAGAM (DMK),OC,10000000,2022-01-06,4044,12
DRAVIDA MUNNETRA KAZHAGAM (DMK),OC,10000000,2022-01-06,4044,12
DRAVIDA MUNNETRA KAZHAGAM (DMK),OC,10000000,2022-01-06,4044,12
DRAVIDA MUNNETRA KAZHAGAM (DMK),OC,10000000,2022-01-06,4044,12
DRAVIDA MUNNETRA KAZHAGAM (DMK),OC,10000000,2022-01-06,4044,12
DRAVIDA MUNNETRA KAZHAGAM (DMK),OC,10000000,2022-01-06,4044,12
DRAVIDA MUNNETRA KAZHAGAM (DMK),OC,10000000,2022-01-06,4044,12
DRAVIDA MUNNETRA KAZHAGAM (DMK),OC,10000000,2022-01-06,4044,12
DRAVIDA MUNNETRA KAZHAGAM (DMK),OC,10000000,2022-01-06,4044,12
DRAVIDA MUNNETRA KAZHAGAM (DMK),OC,10000000,2022-01-06,4044,12
DRAVIDA MUNNETRA KAZHAGAM (DMK),OC,10000000,2022-01-06,4044,12
DRAVIDA MUNNETRA KAZHAGAM (DMK),OC,10000000,2022-01-06,4044,12
DRAVIDA MUNNETRA KAZHAGAM (DMK),OC,10000000,2022-01-06,4044,12
DRAVIDA MUNNETRA KAZHAGAM (DMK),OC,10000000,2022-01-06,4044,12
AAM AADMI PARTY,TL,1000000,2022-01-07,71,12
AAM AADMI PARTY,TL,1000000,2022-01-07,71,12
AAM AADMI PARTY,OL,100000,2022-01-07,71,12
AAM AADMI PARTY,OL,100000,2022-01-07,71,12
AAM AADMI PARTY,OL,100000,2022-01-07,71,12
AAM AADMI PARTY,OL,100000,2022-01-07,71,12
AAM AADMI PARTY,OL,100000,2022-01-07,71,12
"PRESIDENT, ALL INDIA CONGRESS COMMITTEE",OC,10000000,2022-01-07,210,12
"PRESIDENT, ALL INDIA CONGRESS COMMITTEE",OC,10000000,2022-01-07,210,12
"PRESIDENT, ALL INDIA CONGRESS COMMITTEE",OC,10000000,2022-01-07,320,12
"PRESIDENT, ALL INDIA CONGRESS COMMITTEE",OC,10000000,2022-01-07,320,12
"PRESIDENT, ALL INDIA CONGRESS COMMITTEE",OC,10000000,2022-01-07,320,12
"PRESIDENT, ALL INDIA CONGRESS COMMITTEE",TL,1000000,2022-01-07,210,12
"PRESIDENT, ALL INDIA CONGRESS COMMITTEE",TL,1000000,2022-01-07,210,12
"PRESIDENT, ALL INDIA CONGRESS COMMITTEE",TL,1000000,2022-01-07,210,12
"PRESIDENT, ALL INDIA CONGRESS COMMITTEE",TL,1000000,2022-01-07,210,12
"PRESIDENT, ALL INDIA CONGRESS COMMITTEE",TL,1000000,2022-01-07,210,12
"PRESIDENT, ALL INDIA CONGRESS COMMITTEE",TL,1000000,2022-01-07,320,12
"PRESIDENT, ALL INDIA CONGRESS COMMITTEE",TL,1000000,2022-01-07,320,12
"PRESIDENT, ALL INDIA CONGRESS COMMITTEE",TL,1000000,2022-01-10,347,12
"PRESIDENT, ALL INDIA CONGRESS COMMITTEE",TL,1000000,2022-01-10,347,12
"PRESIDENT, ALL INDIA CONGRESS COMMITTEE",OL,100000,2022-01-07,320,12
"PRESIDENT, ALL INDIA CONGRESS COMMITTEE",OL,100000,2022-01-07,320,12
"PRESIDENT, ALL INDIA CONGRESS COMMITTEE",OL,100000,2022-01-07,320,12
"PRESIDENT, ALL INDIA CONGRESS COMMITTEE",OL,100000,2022-01-07,320,12
"PRESIDENT, ALL INDIA CONGRESS COMMITTEE",OL,100000,2022-01-07,320,12
ALL INDIA TRINAMOOL CONGRESS,OC,10000000,2022-01-06,4044,12
ALL INDIA TRINAMOOL CONGRESS,OC,10000000,2022-01-06,4044,12
ALL INDIA TRINAMOOL CONGRESS,OC,10000000,2022-01-06,4044,12
ALL INDIA TRINAMOOL CONGRESS,OC,10000000,2022-01-06,4044,12
ALL INDIA TRINAMOOL CONGRESS,OC,10000000,2022-01-06,4044,12
ALL INDIA TRINAMOOL CONGRESS,OC,10000000,2022-01-06,4044,12
ALL INDIA TRINAMOOL CONGRESS,OC,10000000,2022-01-06,4044,12
ALL INDIA TRINAMOOL CONGRESS,OC,10000000,2022-01-06,4044,12
ALL INDIA TRINAMOOL CONGRESS,OC,10000000,2022-01-06,4044,12
ALL INDIA TRINAMOOL CONGRESS,OC,10000000,2022-01-06,4044,12
ALL INDIA TRINAMOOL CONGRESS,OC,10000000,2022-01-06,4044,12
ALL INDIA TRINAMOOL CONGRESS,OC,10000000,2022-01-06,4044,12
ALL INDIA TRINAMOOL CONGRESS,OC,10000000,2022-01-06,4044,12
ALL INDIA TRINAMOOL CONGRESS,OC,10000000,2022-01-06,4044,12
ALL INDIA TRINAMOOL CONGRESS,OC,10000000,2022-01-06,4044,12
ALL INDIA TRINAMOOL CONGRESS,OC,10000000,2022-01-06,4044,12
ALL INDIA TRINAMOOL CONGRESS,OC,10000000,2022-01-06,4044,12
ALL INDIA TRINAMOOL CONGRESS,OC,10000000,2022-01-06,4044,12
ALL INDIA TRINAMOOL CONGRESS,OC,10000000,2022-01-06,4044,12
ALL INDIA TRINAMOOL CONGRESS,OC,10000000,2022-01-06,4044,12
"PRESIDENT, ALL INDIA CONGRESS COMMITTEE",OC,10000000,2022-01-10,68,12
"PRESIDENT, ALL INDIA CONGRESS COMMITTEE",TL,1000000,2022-01-07,111,12
"PRESIDENT, ALL INDIA CONGRESS COMMITTEE",TL,1000000,2022-01-07,111,12
"PRESIDENT, ALL INDIA CONGRESS COMMITTEE",TL,1000000,2022-01-07,111,12
"PRESIDENT, ALL INDIA CONGRESS COMMITTEE",TL,1000000,2022-01-07,111,12
"PRESIDENT, ALL INDIA CONGRESS COMMITTEE",TL,1000000,2022-01-07,111,12
"PRESIDENT, ALL INDIA CONGRESS COMMITTEE",TL,1000000,2022-01-07,111,12
"PRESIDENT, ALL INDIA CONGRESS COMMITTEE",TL,1000000,2022-01-07,111,12
"PRESIDENT, ALL INDIA CONGRESS COMMITTEE",TL,1000000,2022-01-10,197,12
"PRESIDENT, ALL INDIA CONGRESS COMMITTEE",TL,1000000,2022-01-10,68,12
"PRESIDENT, ALL INDIA CONGRESS COMMITTEE",TL,1000000,2022-01-10,68,12
"PRESIDENT, ALL INDIA CONGRESS COMMITTEE",TL,1000000,2022-01-10,68,12
"PRESIDENT, ALL INDIA CONGRESS COMMITTEE",TL,1000000,2022-01-10,68,12
"PRESIDENT, ALL INDIA CONGRESS COMMITTEE",TL,1000000,2022-01-10,68,12
"PRESIDENT, ALL INDIA CONGRESS COMMITTEE",OL,100000,2022-01-07,111,12
"PRESIDENT, ALL INDIA CONGRESS COMMITTEE",OL,100000,2022-01-07,111,12
"PRESIDENT, ALL INDIA CONGRESS COMMITTEE",OL,100000,2022-01-07,111,12
"PRESIDENT, ALL INDIA CONGRESS COMMITTEE",OL,100000,2022-01-07,111,12
"PRESIDENT, ALL INDIA CONGRESS COMMITTEE",OL,100000,2022-01-07,111,12
ALL INDIA TRINAMOOL CONGRESS,OC,10000000,2022-01-06,4044,12
ALL INDIA TRINAMOOL CONGRESS,OC,10000000,2022-01-06,4044,12
ALL INDIA TRINAMOOL CONGRESS,OC,10000000,2022-01-06,4044,12
ALL INDIA TRINAMOOL CONGRESS,OC,10000000,2022-01-06,4044,12
ALL INDIA TRINAMOOL CONGRESS,OC,10000000,2022-01-06,4044,12
ALL INDIA TRINAMOOL CONGRESS,OC,10000000,2022-01-06,4044,12
ALL INDIA TRINAMOOL CONGRESS,OC,10000000,2022-01-06,4044,12
ALL INDIA TRINAMOOL CONGRESS,OC,10000000,2022-01-06,4044,12
ALL INDIA TRINAMOOL CONGRESS,OC,10000000,2022-01-06,4044,12
ALL INDIA TRINAMOOL CONGRESS,OC,10000000,2022-01-06,4044,12
ALL INDIA TRINAMOOL CONGRESS,OC,10000000,2022-01-06,4044,12
ALL INDIA TRINAMOOL CONGRESS,OC,10000000,2022-01-06,4044,12
ALL INDIA TRINAMOOL CONGRESS,OC,10000000,2022-01-06,4044,12
ALL INDIA TRINAMOOL CONGRESS,OC,10000000,2022-01-06,4044,12
ALL INDIA TRINAMOOL CONGRESS,OC,10000000,2022-01-06,4044,12
BHARATIYA JANATA PARTY,OC,10000000,2022-01-10,74,12
BHARATIYA JANATA PARTY,OC,10000000,2022-01-10,74,12
BHARATIYA JANATA PARTY,OC,10000000,2022-01-10,74,12
BHARATIYA JANATA PARTY,OC,10000000,2022-01-10,74,12
BHARATIYA JANATA PARTY,OC,10000000,2022-01-10,74,12
BHARATIYA JANATA PARTY,OC,10000000,2022-01-10,190,12
BHARATIYA JANATA PARTY,OC,10000000,2022-01-10,341,12
BHARATIYA JANATA PARTY,OC,10000000,2022-01-10,341,12
BHARATIYA JANATA PARTY,OC,10000000,2022-01-10,341,12
BHARATIYA JANATA PARTY,OC,10000000,2022-01-10,341,12
BHARATIYA JANATA PARTY,OC,10000000,2022-01-10,65,12
BHARATIYA JANATA PARTY,OC,10000000,2022-01-10,65,12
BHARATIYA JANATA PARTY,TL,1000000,2022-01-10,190,12
BHARATIYA JANATA PARTY,TL,1000000,2022-01-10,190,12
BHARATIYA JANATA PARTY,TL,1000000,2022-01-10,190,12
BHARATIYA JANATA PARTY,TL,1000000,2022-01-10,190,12
BHARATIYA JANATA PARTY,TL,1000000,2022-01-10,190,12
BHARATIYA JANATA PARTY,TL,1000000,2022-01-10,190,12
BHARATIYA JANATA PARTY,TL,1000000,2022-01-10,190,12
BHARATIYA JANATA PARTY,TL,1000000,2022-01-10,190,12
BHARATIYA JANATA PARTY,TL,1000000,2022-01-10,190,12
BHARATIYA JANATA PARTY,TL,1000000,2022-01-10,190,12
BHARATIYA JANATA PARTY,TL,1000000,2022-01-10,65,12
BHARATIYA JANATA PARTY,TL,1000000,2022-01-10,65,12
BHARATIYA JANATA PARTY,TL,1000000,2022-01-10,65,12
BHARATIYA JANATA PARTY,TL,1000000,2022-01-10,65,12
BHARATIYA JANATA PARTY,TL,1000000,2022-01-10,65,12
BHARATIYA JANATA PARTY,TL,1000000,2022-01-10,65,12
BHARATIYA JANATA PARTY,TL,1000000,2022-01-10,65,12
BHARATIYA JANATA PARTY,TL,1000000,2022-01-10,65,12
BHARATIYA JANATA PARTY,TL,1000000,2022-01-10,65,12
BHARATIYA JANATA PARTY,TL,1000000,2022-01-10,65,12
"PRESIDENT, ALL INDIA CONGRESS COMMITTEE",OC,10000000,2022-01-10,190,12
BIJU JANATA DAL,OC,10000000,2022-01-06,136,12
BIJU JANATA DAL,OC,10000000,2022-01-06,136,12
BIJU JANATA DAL,OC,10000000,2022-01-06,136,12
BIJU JANATA DAL,OC,10000000,2022-01-06,136,12
BIJU JANATA DAL,OC,10000000,2022-01-06,136,12
BIJU JANATA DAL,OC,10000000,2022-01-06,136,12
BIJU JANATA DAL,OC,10000000,2022-01-06,136,12
BIJU JANATA DAL,OC,10000000,2022-01-06,136,12
BIJU JANATA DAL,OC,10000000,2022-01-06,136,12
BIJU JANATA DAL,OC,10000000,2022-01-06,136,12
BHARATIYA JANATA PARTY,OC,10000000,2022-01-10,190,12
BHARATIYA JANATA PARTY,TL,1000000,2022-01-10,190,12
BHARATIYA JANATA PARTY,TL,1000000,2022-01-10,190,12
BHARATIYA JANATA PARTY,TL,1000000,2022-01-10,190,12
BHARATIYA JANATA PARTY,TL,1000000,2022-01-10,190,12
BHARATIYA JANATA PARTY,TL,1000000,2022-01-10,190,12
ALL INDIA TRINAMOOL CONGRESS,TL,1000000,2022-01-10,190,12
ALL INDIA TRINAMOOL CONGRESS,TL,1000000,2022-01-10,190,12
BHARAT RASHTRA SAMITHI,OC,10000000,2022-04-06,187,13
BHARAT RASHTRA SAMITHI,OC,10000000,2022-04-08,64,13
BHARAT RASHTRA SAMITHI,OC,10000000,2022-04-06,137,13
BHARAT RASHTRA SAMITHI,OC,10000000,2022-04-06,137,13
BHARAT RASHTRA SAMITHI,OC,10000000,2022-04-06,137,13
BHARAT RASHTRA SAMITHI,OC,10000000,2022-04-06,137,13
BHARAT RASHTRA SAMITHI,OC,10000000,2022-04-06,137,13
BHARAT RASHTRA SAMITHI,OC,10000000,2022-04-07,196,13
BHARAT RASHTRA SAMITHI,OC,10000000,2022-04-08,290,13
BHARAT RASHTRA SAMITHI,OC,10000000,2022-04-08,290,13
BHARAT RASHTRA SAMITHI,TL,1000000,2022-04-08,217,13
BHARAT RASHTRA SAMITHI,TL,1000000,2022-04-08,91,13
BHARAT RASHTRA SAMITHI,OL,100000,2022-04-08,217,13
BHARAT RASHTRA SAMITHI,OL,100000,2022-04-08,217,13
BHARAT RASHTRA SAMITHI,OL,100000,2022-04-08,217,13
BHARAT RASHTRA SAMITHI,OL,100000,2022-04-08,217,13
BHARAT RASHTRA SAMITHI,OL,100000,2022-04-08,217,13
BHARAT RASHTRA SAMITHI,OL,100000,2022-04-08,217,13
BHARAT RASHTRA SAMITHI,OL,100000,2022-04-08,217,13
BHARAT RASHTRA SAMITHI,OL,100000,2022-04-08,217,13
BHARAT RASHTRA SAMITHI,OL,100000,2022-04-08,217,13
BHARAT RASHTRA SAMITHI,OL,100000,2022-04-08,91,13
BHARAT RASHTRA SAMITHI,OL,100000,2022-04-08,91,13
BHARAT RASHTRA SAMITHI,OL,100000,2022-04-08,91,13
BHARAT RASHTRA SAMITHI,OL,100000,2022-04-08,91,13
BHARAT RASHTRA SAMITHI,OL,100000,2022-04-08,91,13
BHARAT RASHTRA SAMITHI,OL,100000,2022-04-08,91,13
BHARAT RASHTRA SAMITHI,OL,100000,2022-04-08,91,13
BHARAT RASHTRA SAMITHI,OL,100000,2022-04-08,91,13
BHARAT RASHTRA SAMITHI,OL,100000,2022-04-08,91,13
BHARAT RASHTRA SAMITHI,TT,10000,2022-04-08,217,13
BHARAT RASHTRA SAMITHI,TT,10000,2022-04-08,217,13
BHARAT RASHTRA SAMITHI,TT,10000,2022-04-08,217,13
BHARAT RASHTRA SAMITHI,TT,10000,2022-04-08,217,13
BHARAT RASHTRA SAMITHI,TT,10000,2022-04-08,217,13
BHARAT RASHTRA SAMITHI,TT,10000,2022-04-08,91,13
BHARAT RASHTRA SAMITHI,TT,10000,2022-04-08,91,13
BHARAT RASHTRA SAMITHI,TT,10000,2022-04-08,91,13
BHARAT RASHTRA SAMITHI,TT,10000,2022-04-08,91,13
BHARAT RASHTRA SAMITHI,TT,10000,2022-04-08,91,13
BHARAT RASHTRA SAMITHI,TT,10000,2022-04-08,91,13
BHARAT RASHTRA SAMITHI,TT,10000,2022-04-08,91,13
BHARAT RASHTRA SAMITHI,TT,10000,2022-04-08,91,13
BHARAT RASHTRA SAMITHI,TT,10000,2022-04-08,91,13
BHARAT RASHTRA SAMITHI,OC,10000000,2022-07-01,9,14
BHARAT RASHTRA SAMITHI,OC,10000000,2022-07-01,9,14
BHARAT RASHTRA SAMITHI,OC,10000000,2022-07-01,9,14
BHARAT RASHTRA SAMITHI,OC,10000000,2022-07-01,9,14
BHARAT RASHTRA SAMITHI,OC,10000000,2022-07-01,9,14
BHARAT RASHTRA SAMITHI,OC,10000000,2022-07-01,9,14
BHARAT RASHTRA SAMITHI,OC,10000000,2022-07-01,9,14
BHARAT RASHTRA SAMITHI,OC,10000000,2022-07-01,9,14
BHARAT RASHTRA SAMITHI,OC,10000000,2022-07-01,9,14
BHARAT RASHTRA SAMITHI,OC,10000000,2022-07-01,9,14
TELUGU DESAM PARTY,OC,10000000,2022-07-06,322,14
TELUGU DESAM PARTY,OC,10000000,2022-07-06,322,14
TELUGU DESAM PARTY,OC,10000000,2022-07-06,322,14
TELUGU DESAM PARTY,OC,10000000,2022-07-06,322,14
TELUGU DESAM PARTY,OC,10000000,2022-07-06,322,14
BHARATIYA JANATA PARTY,OC,10000000,2022-07-01,9,14
BHARATIYA JANATA PARTY,OC,10000000,2022-07-01,9,14
"PRESIDENT, ALL INDIA CONGRESS COMMITTEE",OC,10000000,2022-10-06,194,15
"PRESIDENT, ALL INDIA CONGRESS COMMITTEE",OC,10000000,2022-10-06,194,15
"PRESIDENT, ALL INDIA CONGRESS COMMITTEE",OC,10000000,2022-10-07,173,15
"PRESIDENT, ALL INDIA CONGRESS COMMITTEE",OC,10000000,2022-10-07,173,15
"PRESIDENT, ALL INDIA CONGRESS COMMITTEE",OC,10000000,2022-10-07,117,15
"PRESIDENT, ALL INDIA CONGRESS COMMITTEE",OC,10000000,2022-10-07,117,15
"PRESIDENT, ALL INDIA CONGRESS COMMITTEE",OC,10000000,2022-10-07,24,15
"PRESIDENT, ALL INDIA CONGRESS COMMITTEE",OC,10000000,2022-10-07,24,15
BHARAT RASHTRA SAMITHI,OC,10000000,2022-10-10,321,15
BIJU JANATA DAL,OC,10000000,2022-10-07,102,15
BIJU JANATA DAL,OC,10000000,2022-10-07,102,15
BIJU JANATA DAL,OC,10000000,2022-10-07,102,15
BIJU JANATA DAL,OC,10000000,2022-10-07,102,15
BIJU JANATA DAL,OC,10000000,2022-10-07,102,15
BIJU JANATA DAL,OC,10000000,2022-10-07,38,15
BIJU JANATA DAL,OC,10000000,2022-10-07,38,15
BIJU JANATA DAL,OC,10000000,2022-10-07,38,15
BIJU JANATA DAL,OC,10000000,2022-10-07,38,15
BIJU JANATA DAL,OC,10000000,2022-10-07,38,15
BIJU JANATA DAL,OC,10000000,2022-10-07,38,15
BIJU JANATA DAL,OC,10000000,2022-10-07,38,15
BIJU JANATA DAL,OC,10000000,2022-10-07,38,15
BIJU JANATA DAL,OC,10000000,2022-10-07,38,15
BIJU JANATA DAL,OC,10000000,2022-10-07,38,15
BIJU JANATA DAL,OC,10000000,2022-10-07,38,15
BIJU JANATA DAL,OC,10000000,2022-10-07,38,15
BIJU JANATA DAL,OC,10000000,2022-10-07,38,15
BIJU JANATA DAL,OC,10000000,2022-10-07,38,15
BIJU JANATA DAL,OC,10000000,2022-10-07,38,15
BIJU JANATA DAL,OC,10000000,2022-10-07,38,15
BIJU JANATA DAL,OC,10000000,2022-10-07,38,15
BIJU JANATA DAL,OC,10000000,2022-10-07,38,15
BIJU JANATA DAL,OC,10000000,2022-10-07,38,15
BIJU JANATA DAL,OC,10000000,2022-10-07,38,15
BIJU JANATA DAL,OC,10000000,2022-10-07,38,15
BIJU JANATA DAL,OC,10000000,2022-10-07,38,15
BIJU JANATA DAL,OC,10000000,2022-10-07,38,15
BIJU JANATA DAL,OC,10000000,2022-10-07,38,15
BIJU JANATA DAL,OC,10000000,2022-10-07,38,15
ALL INDIA TRINAMOOL CONGRESS,OC,10000000,2022-10-07,102,15
ALL INDIA TRINAMOOL CONGRESS,OC,10000000,2022-10-07,102,15
ALL INDIA TRINAMOOL CONGRESS,OC,10000000,2022-10-07,102,15
ALL INDIA TRINAMOOL CONGRESS,OC,10000000,2022-10-07,102,15
ALL INDIA TRINAMOOL CONGRESS,OC,10000000,2022-10-07,102,15
ALL INDIA TRINAMOOL CONGRESS,OC,10000000,2022-10-07,102,15
ALL INDIA TRINAMOOL CONGRESS,OC,10000000,2022-10-07,102,15
ALL INDIA TRINAMOOL CONGRESS,OC,10000000,2022-10-10,102,15
ALL INDIA TRINAMOOL CONGRESS,TL,1000000,2022-10-10,146,15
ALL INDIA TRINAMOOL CONGRESS,TL,1000000,2022-10-10,146,15
ALL INDIA TRINAMOOL CONGRESS,TL,1000000,2022-10-10,146,15
ALL INDIA TRINAMOOL CONGRESS,TL,1000000,2022-10-10,146,15
ALL INDIA TRINAMOOL CONGRESS,TL,1000000,2022-10-10,146,15
ALL INDIA TRINAMOOL CONGRESS,TL,1000000,2022-10-10,146,15
ALL INDIA TRINAMOOL CONGRESS,TL,1000000,2022-10-10,146,15
ALL INDIA TRINAMOOL CONGRESS,TL,1000000,2022-10-10,146,15
ALL INDIA TRINAMOOL CONGRESS,TL,1000000,2022-10-10,146,15
ALL INDIA TRINAMOOL CONGRESS,TL,1000000,2022-10-10,146,15
BHARATIYA JANATA PARTY,OC,10000000,2022-11-10,310,16
BHARATIYA JANATA PARTY,OC,10000000,2022-11-10,310,16
BHARATIYA JANATA PARTY,OC,10000000,2022-11-10,310,16
BHARATIYA JANATA PARTY,OC,10000000,2022-11-15,84,16
BHARATIYA JANATA PARTY,OC,10000000,2022-11-15,84,16
BHARATIYA JANATA PARTY,OC,10000000,2022-11-15,84,16
BHARATIYA JANATA PARTY,OC,10000000,2022-11-15,84,16
BHARATIYA JANATA PARTY,OC,10000000,2022-11-15,84,16
BHARATIYA JANATA PARTY,OC,10000000,2022-11-15,84,16
BHARATIYA JANATA PARTY,OC,10000000,2022-11-15,84,16
BHARATIYA JANATA PARTY,OC,10000000,2022-11-15,84,16
BHARATIYA JANATA PARTY,OC,10000000,2022-11-15,84,16
BHARATIYA JANATA PARTY,OC,10000000,2022-11-15,84,16
BHARATIYA JANATA PARTY,OC,10000000,2022-11-15,84,16
BHARATIYA JANATA PARTY,OC,10000000,2022-11-15,84,16
BHARATIYA JANATA PARTY,OC,10000000,2022-11-15,84,16
BHARATIYA JANATA PARTY,OC,10000000,2022-11-15,84,16
BHARATIYA JANATA PARTY,OC,10000000,2022-11-15,84,16
"PRESIDENT, ALL INDIA CONGRESS COMMITTEE",OL,100000,2022-11-14,6,16
"PRESIDENT, ALL INDIA CONGRESS COMMITTEE",OL,100000,2022-11-14,6,16
"PRESIDENT, ALL INDIA CONGRESS COMMITTEE",OL,100000,2022-11-14,6,16
"PRESIDENT, ALL INDIA CONGRESS COMMITTEE",OL,100000,2022-11-14,6,16
"PRESIDENT, ALL INDIA CONGRESS COMMITTEE",OL,100000,2022-11-14,6,16
ALL INDIA TRINAMOOL CONGRESS,OC,10000000,2023-01-24,146,18
ALL INDIA TRINAMOOL CONGRESS,OC,10000000,2023-01-27,102,18
ALL INDIA TRINAMOOL CONGRESS,OC,10000000,2023-01-27,102,18
ALL INDIA TRINAMOOL CONGRESS,OC,10000000,2023-01-27,102,18
ALL INDIA TRINAMOOL CONGRESS,OC,10000000,2023-01-27,102,18
ALL INDIA TRINAMOOL CONGRESS,TL,1000000,2023-01-24,146,18
ALL INDIA TRINAMOOL CONGRESS,TL,1000000,2023-01-24,146,18
ALL INDIA TRINAMOOL CONGRESS,TL,1000000,2023-01-24,146,18
ALL INDIA TRINAMOOL CONGRESS,TL,1000000,2023-01-24,146,18
ALL INDIA TRINAMOOL CONGRESS,TL,1000000,2023-01-24,146,18
BHARATIYA JANATA PARTY,OC,10000000,2023-01-25,90,18
BHARATIYA JANATA PARTY,OC,10000000,2023-01-25,90,18
BHARATIYA JANATA PARTY,OC,10000000,2023-01-25,90,18
BHARATIYA JANATA PARTY,OC,10000000,2023-01-25,90,18
BHARATIYA JANATA PARTY,OC,10000000,2023-01-25,90,18
BHARATIYA JANATA PARTY,OC,10000000,2023-01-25,90,18
BHARATIYA JANATA PARTY,OC,10000000,2023-01-25,90,18
BHARATIYA JANATA PARTY,OC,10000000,2023-01-25,90,18
BHARATIYA JANATA PARTY,OC,10000000,2023-01-25,90,18
BHARATIYA JANATA PARTY,OC,10000000,2023-01-25,90,18
BHARATIYA JANATA PARTY,OC,10000000,2023-01-25,90,18
BHARATIYA JANATA PARTY,OC,10000000,2023-01-25,90,18
BHARATIYA JANATA PARTY,OC,10000000,2023-01-25,90,18
BHARATIYA JANATA PARTY,OC,10000000,2023-01-25,90,18
BHARATIYA JANATA PARTY,OC,10000000,2023-01-25,90,18
ALL INDIA TRINAMOOL CONGRESS,OC,10000000,2023-01-27,102,18
ALL INDIA TRINAMOOL CONGRESS,OC,10000000,2023-01-27,102,18
ALL INDIA TRINAMOOL CONGRESS,OC,10000000,2023-01-27,102,18
ALL INDIA TRINAMOOL CONGRESS,OC,10000000,2023-01-27,102,18
ALL INDIA TRINAMOOL CONGRESS,OC,10000000,2023-01-27,102,18
BHARATIYA JANATA PARTY,OC,10000000,2023-04-06,90,20
BHARATIYA JANATA PARTY,OC,10000000,2023-04-06,90,20
BHARATIYA JANATA PARTY,OC,10000000,2023-04-06,90,20
BHARATIYA JANATA PARTY,OC,10000000,2023-04-06,90,20
BHARATIYA JANATA PARTY,OC,10000000,2023-04-06,90,20
BHARATIYA JANATA PARTY,OC,10000000,2023-04-06,90,20
BHARATIYA JANATA PARTY,OC,10000000,2023-04-06,90,20
BHARATIYA JANATA PARTY,OC,10000000,2023-04-06,90,20
BHARATIYA JANATA PARTY,OC,10000000,2023-04-06,90,20
BHARATIYA JANATA PARTY,OC,10000000,2023-04-06,90,20
BHARATIYA JANATA PARTY,OC,10000000,2023-04-06,90,20
BHARATIYA JANATA PARTY,OC,10000000,2023-04-06,90,20
BHARATIYA JANATA PARTY,OC,10000000,2023-04-06,90,20
BHARATIYA JANATA PARTY,OC,10000000,2023-04-06,90,20
BHARATIYA JANATA PARTY,OC,10000000,2023-04-06,90,20
BHARATIYA JANATA PARTY,OC,10000000,2023-04-07,126,20
BHARATIYA JANATA PARTY,OC,10000000,2023-04-07,126,20
BHARATIYA JANATA PARTY,OC,10000000,2023-04-07,126,20
BHARATIYA JANATA PARTY,OC,10000000,2023-04-07,126,20
BHARATIYA JANATA PARTY,OC,10000000,2023-04-07,126,20
BHARATIYA JANATA PARTY,OC,10000000,2023-04-07,126,20
BHARATIYA JANATA PARTY,OC,10000000,2023-04-07,126,20
BHARATIYA JANATA PARTY,OC,10000000,2023-04-07,126,20
BHARATIYA JANATA PARTY,OC,10000000,2023-04-07,126,20
BHARATIYA JANATA PARTY,OC,10000000,2023-04-07,126,20
ALL INDIA TRINAMOOL CONGRESS,TL,1000000,2023-04-11,146,20
ALL INDIA TRINAMOOL CONGRESS,TL,1000000,2023-04-11,146,20
ALL INDIA TRINAMOOL CONGRESS,TL,1000000,2023-04-11,146,20
ALL INDIA TRINAMOOL CONGRESS,TL,1000000,2023-04-11,146,20
ALL INDIA TRINAMOOL CONGRESS,TL,1000000,2023-04-11,146,20
ALL INDIA TRINAMOOL CONGRESS,TL,1000000,2023-04-11,146,20
ALL INDIA TRINAMOOL CONGRESS,TL,1000000,2023-04-11,146,20
"PRESIDENT, ALL INDIA CONGRESS COMMITTEE",OC,10000000,2023-04-10,74,20
"PRESIDENT, ALL INDIA CONGRESS COMMITTEE",OC,10000000,2023-04-10,74,20
YSR  CONGRESS PARTY  (YUVAJANA SRAMIKA RYTHU CONGRESS PARTY),OC,10000000,2023-04-11,29,20
ALL INDIA TRINAMOOL CONGRESS,TL,1000000,2023-04-11,146,20
ALL INDIA TRINAMOOL CONGRESS,TL,1000000,2023-04-11,146,20
ALL INDIA TRINAMOOL CONGRESS,TL,1000000,2023-04-11,146,20
BHARAT RASHTRA SAMITHI,OC,10000000,2023-04-11,163,20
BHARAT RASHTRA SAMITHI,OC,10000000,2023-04-11,163,20
BHARAT RASHTRA SAMITHI,OC,10000000,2023-04-11,163,20
BHARAT RASHTRA SAMITHI,OC,10000000,2023-04-12,345,20
BHARAT RASHTRA SAMITHI,OC,10000000,2023-04-12,345,20
BHARAT RASHTRA SAMITHI,OC,10000000,2023-04-12,345,20
BHARAT RASHTRA SAMITHI,OC,10000000,2023-04-12,345,20
BHARAT RASHTRA SAMITHI,OC,10000000,2023-04-12,345,20
"PRESIDENT, ALL INDIA CONGRESS COMMITTEE",OC,10000000,2023-04-11,87,20
"PRESIDENT, ALL INDIA CONGRESS COMMITTEE",OC,10000000,2023-04-11,87,20
"PRESIDENT, ALL INDIA CONGRESS COMMITTEE",OC,10000000,2023-04-11,87,20
"PRESIDENT, ALL INDIA CONGRESS COMMITTEE",OC,10000000,2023-04-11,87,20
"PRESIDENT, ALL INDIA CONGRESS COMMITTEE",OC,10000000,2023-04-11,87,20
"PRESIDENT, ALL INDIA CONGRESS COMMITTEE",TL,1000000,2023-04-10,74,20
"PRESIDENT, ALL INDIA CONGRESS COMMITTEE",TL,1000000,2023-04-10,74,20
"PRESIDENT, ALL INDIA CONGRESS COMMITTEE",TL,1000000,2023-04-10,74,20
"PRESIDENT, ALL INDIA CONGRESS COMMITTEE",TL,1000000,2023-04-10,74,20
"PRESIDENT, ALL INDIA CONGRESS COMMITTEE",TL,1000000,2023-04-10,74,20
ALL INDIA TRINAMOOL CONGRESS,TL,1000000,2023-04-10,175,20
ALL INDIA TRINAMOOL CONGRESS,TL,1000000,2023-04-10,175,20
ALL INDIA TRINAMOOL CONGRESS,TL,1000000,2023-04-10,175,20
ALL INDIA TRINAMOOL CONGRESS,TL,1000000,2023-04-10,175,20
ALL INDIA TRINAMOOL CONGRESS,TL,1000000,2023-04-10,175,20
ALL INDIA TRINAMOOL CONGRESS,TL,1000000,2023-04-10,175,20
ALL INDIA TRINAMOOL CONGRESS,TL,1000000,2023-04-10,175,20
BIJU JANATA DAL,OC,10000000,2023-07-04,38,21
BIJU JANATA DAL,OC,10000000,2023-07-04,38,21
BIJU JANATA DAL,OC,10000000,2023-07-04,38,21
BIJU JANATA DAL,OC,10000000,2023-07-04,38,21
BIJU JANATA DAL,OC,10000000,2023-07-04,38,21
BIJU JANATA DAL,OC,10000000,2023-07-04,38,21
BIJU JANATA DAL,OC,10000000,2023-07-04,38,21
BIJU JANATA DAL,OC,10000000,2023-07-04,38,21
BIJU JANATA DAL,OC,10000000,2023-07-04,38,21
BIJU JANATA DAL,OC,10000000,2023-07-04,38,21
BIJU JANATA DAL,OC,10000000,2023-07-04,38,21
BIJU JANATA DAL,OC,10000000,2023-07-04,38,21
BIJU JANATA DAL,OC,10000000,2023-07-04,38,21
BIJU JANATA DAL,OC,10000000,2023-07-04,38,21
BIJU JANATA DAL,OC,10000000,2023-07-04,38,21
BIJU JANATA DAL,OC,10000000,2023-07-04,38,21
BIJU JANATA DAL,OC,10000000,2023-07-04,38,21
BIJU JANATA DAL,OC,10000000,2023-07-04,38,21
BIJU JANATA DAL,OC,10000000,2023-07-04,38,21
BIJU JANATA DAL,OC,10000000,2023-07-04,38,21
BIJU JANATA DAL,OC,10000000,2023-07-04,38,21
BIJU JANATA DAL,OC,10000000,2023-07-04,38,21
BIJU JANATA DAL,OC,10000000,2023-07-04,38,21
BIJU JANATA DAL,OC,10000000,2023-07-04,38,21
BIJU JANATA DAL,OC,10000000,2023-07-04,38,21
BIJU JANATA DAL,OC,10000000,2023-07-04,38,21
BIJU JANATA DAL,OC,10000000,2023-07-04,38,21
BIJU JANATA DAL,OC,10000000,2023-07-04,38,21
BIJU JANATA DAL,OC,10000000,2023-07-04,38,21
BIJU JANATA DAL,OC,10000000,2023-07-04,38,21
BIJU JANATA DAL,OC,10000000,2023-07-04,38,21
BIJU JANATA DAL,OC,10000000,2023-07-04,38,21
BIJU JANATA DAL,OC,10000000,2023-07-04,38,21
BIJU JANATA DAL,OC,10000000,2023-07-04,38,21
BIJU JANATA DAL,OC,10000000,2023-07-04,38,21
BIJU JANATA DAL,OC,10000000,2023-07-04,38,21
BIJU JANATA DAL,OC,10000000,2023-07-04,38,21
BIJU JANATA DAL,OC,10000000,2023-07-04,38,21
BIJU JANATA DAL,OC,10000000,2023-07-04,38,21
BIJU JANATA DAL,OC,10000000,2023-07-04,38,21
BIJU JANATA DAL,OC,10000000,2023-07-04,38,21
BIJU JANATA DAL,OC,10000000,2023-07-04,38,21
BIJU JANATA DAL,OC,10000000,2023-07-04,38,21
BIJU JANATA DAL,OC,10000000,2023-07-04,38,21
BIJU JANATA DAL,OC,10000000,2023-07-04,38,21
BIJU JANATA DAL,OC,10000000,2023-07-04,38,21
BIJU JANATA DAL,OC,10000000,2023-07-04,38,21
BIJU JANATA DAL,OC,10000000,2023-07-04,38,21
BIJU JANATA DAL,OC,10000000,2023-07-04,38,21
BIJU JANATA DAL,OC,10000000,2023-07-04,38,21
BHARATIYA JANATA PARTY,OC,10000000,2023-07-05,126,21
BHARATIYA JANATA PARTY,OC,10000000,2023-07-05,126,21
BHARATIYA JANATA PARTY,OC,10000000,2023-07-05,126,21
BHARATIYA JANATA PARTY,OC,10000000,2023-07-05,126,21
BHARATIYA JANATA PARTY,OC,10000000,2023-07-05,126,21
BHARATIYA JANATA PARTY,OC,10000000,2023-07-05,126,21
BHARATIYA JANATA PARTY,OC,10000000,2023-07-05,126,21
BHARATIYA JANATA PARTY,OC,10000000,2023-07-05,126,21
BHARATIYA JANATA PARTY,OC,10000000,2023-07-05,126,21
BHARATIYA JANATA PARTY,OC,10000000,2023-07-05,126,21
ALL INDIA TRINAMOOL CONGRESS,TL,1000000,2023-07-10,146,21
ALL INDIA TRINAMOOL CONGRESS,TL,1000000,2023-07-10,146,21
ALL INDIA TRINAMOOL CONGRESS,TL,1000000,2023-07-10,146,21
ALL INDIA TRINAMOOL CONGRESS,TL,1000000,2023-07-10,146,21
ALL INDIA TRINAMOOL CONGRESS,TL,1000000,2023-07-10,146,21
ALL INDIA TRINAMOOL CONGRESS,TL,1000000,2023-07-10,146,21
ALL INDIA TRINAMOOL CONGRESS,TL,1000000,2023-07-10,146,21
ALL INDIA TRINAMOOL CONGRESS,TL,1000000,2023-07-10,146,21
ALL INDIA TRINAMOOL CONGRESS,TL,1000000,2023-07-10,146,21
ALL INDIA TRINAMOOL CONGRESS,TL,1000000,2023-07-10,146,21
BHARAT RASHTRA SAMITHI,OC,10000000,2023-07-10,170,21
BHARAT RASHTRA SAMITHI,OC,10000000,2023-07-10,87,21
BHARAT RASHTRA SAMITHI,OC,10000000,2023-07-10,87,21
BHARAT RASHTRA SAMITHI,OC,10000000,2023-07-10,87,21
BHARAT RASHTRA SAMITHI,OC,10000000,2023-07-10,87,21
BHARAT RASHTRA SAMITHI,OC,10000000,2023-07-10,87,21
BHARAT RASHTRA SAMITHI,TL,1000000,2023-07-10,170,21
BHARAT RASHTRA SAMITHI,TL,1000000,2023-07-10,170,21
BHARAT RASHTRA SAMITHI,TL,1000000,2023-07-10,170,21
BHARAT RASHTRA SAMITHI,TL,1000000,2023-07-10,170,21
BHARAT RASHTRA SAMITHI,TL,1000000,2023-07-10,170,21
BHARAT RASHTRA SAMITHI,TL,1000000,2023-07-10,170,21
BHARAT RASHTRA SAMITHI,TL,1000000,2023-07-10,170,21
BHARAT RASHTRA SAMITHI,TL,1000000,2023-07-10,170,21
BHARAT RASHTRA SAMITHI,TL,1000000,2023-07-10,170,21
BHARAT RASHTRA SAMITHI,TL,1000000,2023-07-10,170,21
BHARAT RASHTRA SAMITHI,TL,1000000,2023-07-10,170,21
BHARAT RASHTRA SAMITHI,TL,1000000,2023-07-10,170,21
BHARAT RASHTRA SAMITHI,TL,1000000,2023-07-10,170,21
BHARAT RASHTRA SAMITHI,TL,1000000,2023-07-10,170,21
BHARAT RASHTRA SAMITHI,TL,1000000,2023-07-10,170,21
BIJU JANATA DAL,OC,10000000,2023-07-10,102,21
BIJU JANATA DAL,OC,10000000,2023-07-10,102,21
BIJU JANATA DAL,OC,10000000,2023-07-10,102,21
BIJU JANATA DAL,OC,10000000,2023-07-10,102,21
BIJU JANATA DAL,OC,10000000,2023-07-10,102,21
BIJU JANATA DAL,OC,10000000,2023-07-10,102,21
BIJU JANATA DAL,OC,10000000,2023-07-10,102,21
BIJU JANATA DAL,OC,10000000,2023-07-10,102,21
BIJU JANATA DAL,OC,10000000,2023-07-10,102,21
BIJU JANATA DAL,OC,10000000,2023-07-10,102,21
BIJU JANATA DAL,OC,10000000,2023-07-11,269,21
BIJU JANATA DAL,OC,10000000,2023-07-11,269,21
BIJU JANATA DAL,OC,10000000,2023-07-11,269,21
BIJU JANATA DAL,OC,10000000,2023-07-11,269,21
BIJU JANATA DAL,OC,10000000,2023-07-11,269,21
BIJU JANATA DAL,OC,10000000,2023-07-11,269,21
BIJU JANATA DAL,OC,10000000,2023-07-11,269,21
BIJU JANATA DAL,OC,10000000,2023-07-12,102,21
BIJU JANATA DAL,OC,10000000,2023-07-12,102,21
BIJU JANATA DAL,OC,10000000,2023-07-12,102,21
BIJU JANATA DAL,OC,10000000,2023-07-12,102,21
BIJU JANATA DAL,OC,10000000,2023-07-12,102,21
BIJU JANATA DAL,TL,1000000,2023-07-11,269,21
BIJU JANATA DAL,TL,1000000,2023-07-11,269,21
BIJU JANATA DAL,TL,1000000,2023-07-11,269,21
BIJU JANATA DAL,TL,1000000,2023-07-11,269,21
BIJU JANATA DAL,TL,1000000,2023-07-11,269,21
BIJU JANATA DAL,TL,1000000,2023-07-11,269,21
BIJU JANATA DAL,TL,1000000,2023-07-11,269,21
BIJU JANATA DAL,TL,1000000,2023-07-11,269,21
TELUGU DESAM PARTY,OC,10000000,2023-07-12,21,21
TELUGU DESAM PARTY,OC,10000000,2023-07-12,21,21
BHARAT RASHTRA SAMITHI,OC,10000000,2023-07-12,14,21
BHARAT RASHTRA SAMITHI,OL,100000,2023-07-12,1,21
BHARAT RASHTRA SAMITHI,OL,100000,2023-07-12,1,21
BHARAT RASHTRA SAMITHI,OL,100000,2023-07-12,1,21
BHARAT RASHTRA SAMITHI,OL,100000,2023-07-12,1,21
BHARAT RASHTRA SAMITHI,OL,100000,2023-07-12,1,21
BHARAT RASHTRA SAMITHI,OL,100000,2023-07-12,1,21
BHARAT RASHTRA SAMITHI,OL,100000,2023-07-12,1,21
BHARAT RASHTRA SAMITHI,OL,100000,2023-07-12,1,21
BHARAT RASHTRA SAMITHI,OL,100000,2023-07-12,1,21
BHARAT RASHTRA SAMITHI,OC,10000000,2023-07-12,297,21
BHARAT RASHTRA SAMITHI,OC,10000000,2023-07-12,297,21
BHARAT RASHTRA SAMITHI,OC,10000000,2023-07-12,174,21
BHARAT RASHTRA SAMITHI,TL,1000000,2023-07-07,121,21
BHARAT RASHTRA SAMITHI,TL,1000000,2023-07-07,121,21
BHARAT RASHTRA SAMITHI,TL,1000000,2023-07-07,121,21
BHARAT RASHTRA SAMITHI,TL,1000000,2023-07-07,121,21
BHARAT RASHTRA SAMITHI,TL,1000000,2023-07-07,121,21
BIJU JANATA DAL,OC,10000000,2023-07-10,168,21
SHIVSENA,OC,10000000,2023-07-12,90,21
SHIVSENA,OC,10000000,2023-07-12,90,21
SHIVSENA,OC,10000000,2023-07-12,90,21
SHIVSENA,OC,10000000,2023-07-12,90,21
SHIVSENA,OC,10000000,2023-07-12,90,21
SHIVSENA,OC,10000000,2023-07-12,90,21
SHIVSENA,OC,10000000,2023-07-12,90,21
SHIVSENA,OC,10000000,2023-07-12,90,21
SHIVSENA,OC,10000000,2023-07-12,90,21
SHIVSENA,OC,10000000,2023-07-12,90,21
SHIVSENA,OC,10000000,2023-07-12,90,21
SHIVSENA,OC,10000000,2023-07-12,90,21
SHIVSENA,OC,10000000,2023-07-12,90,21
SHIVSENA,OC,10000000,2023-07-12,90,21
SHIVSENA,OC,10000000,2023-07-12,90,21
SHIVSENA,OC,10000000,2023-07-12,90,21
SHIVSENA,OC,10000000,2023-07-12,90,21
SHIVSENA,OC,10000000,2023-07-12,90,21
SHIVSENA,OC,10000000,2023-07-12,90,21
SHIVSENA,OC,10000000,2023-07-12,90,21
SHIVSENA,OC,10000000,2023-07-12,90,21
SHIVSENA,OC,10000000,2023-07-12,90,21
SHIVSENA,OC,10000000,2023-07-12,90,21
SHIVSENA,OC,10000000,2023-07-12,90,21
SHIVSENA,OC,10000000,2023-07-12,90,21
"PRESIDENT, ALL INDIA CONGRESS COMMITTEE",OC,10000000,2023-10-04,38,22
"PRESIDENT, ALL INDIA CONGRESS COMMITTEE",OC,10000000,2023-10-04,38,22
"PRESIDENT, ALL INDIA CONGRESS COMMITTEE",OC,10000000,2023-10-04,38,22
"PRESIDENT, ALL INDIA CONGRESS COMMITTEE",OC,10000000,2023-10-04,38,22
"PRESIDENT, ALL INDIA CONGRESS COMMITTEE",OC,10000000,2023-10-04,38,22
"PRESIDENT, ALL INDIA CONGRESS COMMITTEE",OC,10000000,2023-10-04,38,22
"PRESIDENT, ALL INDIA CONGRESS COMMITTEE",OC,10000000,2023-10-04,38,22
"PRESIDENT, ALL INDIA CONGRESS COMMITTEE",OC,10000000,2023-10-04,38,22
"PRESIDENT, ALL INDIA CONGRESS COMMITTEE",OC,10000000,2023-10-04,38,22
"PRESIDENT, ALL INDIA CONGRESS COMMITTEE",OC,10000000,2023-10-04,38,22
"PRESIDENT, ALL INDIA CONGRESS COMMITTEE",OC,10000000,2023-10-04,253,22
"PRESIDENT, ALL INDIA CONGRESS COMMITTEE",OC,10000000,2023-10-04,253,22
"PRESIDENT, ALL INDIA CONGRESS COMMITTEE",OC,10000000,2023-10-04,253,22
"PRESIDENT, ALL INDIA CONGRESS COMMITTEE",OC,10000000,2023-10-04,253,22
"PRESIDENT, ALL INDIA CONGRESS COMMITTEE",OC,10000000,2023-10-04,253,22
"PRESIDENT, ALL INDIA CONGRESS COMMITTEE",OC,10000000,2023-10-04,253,22
"PRESIDENT, ALL INDIA CONGRESS COMMITTEE",OC,10000000,2023-10-04,253,22
"PRESIDENT, ALL INDIA CONGRESS COMMITTEE",OC,10000000,2023-10-04,253,22
"PRESIDENT, ALL INDIA CONGRESS COMMITTEE",OC,10000000,2023-10-04,253,22
"PRESIDENT, ALL INDIA CONGRESS COMMITTEE",OC,10000000,2023-10-04,253,22
"PRESIDENT, ALL INDIA CONGRESS COMMITTEE",OC,10000000,2023-10-04,253,22
"PRESIDENT, ALL INDIA CONGRESS COMMITTEE",OC,10000000,2023-10-04,253,22
"PRESIDENT, ALL INDIA CONGRESS COMMITTEE",OC,10000000,2023-10-04,253,22
"PRESIDENT, ALL INDIA CONGRESS COMMITTEE",OC,10000000,2023-10-04,253,22
"PRESIDENT, ALL INDIA CONGRESS COMMITTEE",OC,10000000,2023-10-04,253,22
"PRESIDENT, ALL INDIA CONGRESS COMMITTEE",OC,10000000,2023-10-04,253,22
"PRESIDENT, ALL INDIA CONGRESS COMMITTEE",OC,10000000,2023-10-04,253,22
"PRESIDENT, ALL INDIA CONGRESS COMMITTEE",OC,10000000,2023-10-04,253,22
"PRESIDENT, ALL INDIA CONGRESS COMMITTEE",OC,10000000,2023-10-04,253,22
"PRESIDENT, ALL INDIA CONGRESS COMMITTEE",OC,10000000,2023-10-04,253,22
"PRESIDENT, ALL INDIA CONGRESS COMMITTEE",OC,10000000,2023-10-04,253,22
"PRESIDENT, ALL INDIA CONGRESS COMMITTEE",OC,10000000,2023-10-04,253,22
"PRESIDENT, ALL INDIA CONGRESS COMMITTEE",OC,10000000,2023-10-06,38,22
"PRESIDENT, ALL INDIA CONGRESS COMMITTEE",OC,10000000,2023-10-06,38,22
"PRESIDENT, ALL INDIA CONGRESS COMMITTEE",OC,10000000,2023-10-06,38,22
"PRESIDENT, ALL INDIA CONGRESS COMMITTEE",OC,10000000,2023-10-06,38,22
"PRESIDENT, ALL INDIA CONGRESS COMMITTEE",OC,10000000,2023-10-06,38,22
BHARAT RASHTRA SAMITHI,OC,10000000,2023-10-11,113,22
BHARAT RASHTRA SAMITHI,OC,10000000,2023-10-11,113,22
BHARAT RASHTRA SAMITHI,OC,10000000,2023-10-11,113,22
BHARAT RASHTRA SAMITHI,OC,10000000,2023-10-11,113,22
BHARAT RASHTRA SAMITHI,OC,10000000,2023-10-11,113,22
BHARAT RASHTRA SAMITHI,OL,100000,2023-10-05,138,22
BHARAT RASHTRA SAMITHI,OL,100000,2023-10-05,138,22
BHARAT RASHTRA SAMITHI,OL,100000,2023-10-05,138,22
BHARAT RASHTRA SAMITHI,OL,100000,2023-10-05,138,22
BHARAT RASHTRA SAMITHI,OL,100000,2023-10-05,138,22
"PRESIDENT, ALL INDIA CONGRESS COMMITTEE",OC,10000000,2023-10-06,38,22
"PRESIDENT, ALL INDIA CONGRESS COMMITTEE",OC,10000000,2023-10-06,38,22
"PRESIDENT, ALL INDIA CONGRESS COMMITTEE",OC,10000000,2023-10-06,38,22
"PRESIDENT, ALL INDIA CONGRESS COMMITTEE",OC,10000000,2023-10-06,38,22
"PRESIDENT, ALL INDIA CONGRESS COMMITTEE",OC,10000000,2023-10-06,38,22
BHARATIYA JANATA PARTY,OC,10000000,2023-10-10,126,22
BHARATIYA JANATA PARTY,OC,10000000,2023-10-10,126,22
BHARATIYA JANATA PARTY,OC,10000000,2023-10-10,126,22
BHARATIYA JANATA PARTY,OC,10000000,2023-10-10,126,22
BHARATIYA JANATA PARTY,OC,10000000,2023-10-10,126,22
BHARATIYA JANATA PARTY,OC,10000000,2023-10-11,260,22
BHARATIYA JANATA PARTY,TL,1000000,2023-10-10,126,22
BHARATIYA JANATA PARTY,TL,1000000,2023-10-10,126,22
BHARATIYA JANATA PARTY,TL,1000000,2023-10-10,126,22
BHARATIYA JANATA PARTY,TL,1000000,2023-10-10,126,22
BHARATIYA JANATA PARTY,TL,1000000,2023-10-10,126,22
ALL INDIA TRINAMOOL CONGRESS,OC,10000000,2023-10-12,102,22
ALL INDIA TRINAMOOL CONGRESS,TL,1000000,2023-10-12,102,22
ALL INDIA TRINAMOOL CONGRESS,TL,1000000,2023-10-12,102,22
ALL INDIA TRINAMOOL CONGRESS,TL,1000000,2023-10-12,102,22
ALL INDIA TRINAMOOL CONGRESS,TL,1000000,2023-10-12,102,22
ALL INDIA TRINAMOOL CONGRESS,TL,1000000,2023-10-12,102,22
"PRESIDENT, ALL INDIA CONGRESS COMMITTEE",TL,1000000,2023-10-13,54,22
"PRESIDENT, ALL INDIA CONGRESS COMMITTEE",OL,100000,2023-10-11,47,22
"PRESIDENT, ALL INDIA CONGRESS COMMITTEE",OL,100000,2023-10-11,47,22
"PRESIDENT, ALL INDIA CONGRESS COMMITTEE",OL,100000,2023-10-11,47,22
"PRESIDENT, ALL INDIA CONGRESS COMMITTEE",OL,100000,2023-10-11,47,22
"PRESIDENT, ALL INDIA CONGRESS COMMITTEE",OL,100000,2023-10-11,47,22
"PRESIDENT, ALL INDIA CONGRESS COMMITTEE",OL,100000,2023-10-11,47,22
"PRESIDENT, ALL INDIA CONGRESS COMMITTEE",OL,100000,2023-10-11,47,22
"PRESIDENT, ALL INDIA CONGRESS COMMITTEE",OL,100000,2023-10-11,47,22
"PRESIDENT, ALL INDIA CONGRESS COMMITTEE",OL,100000,2023-10-11,47,22
"PRESIDENT, ALL INDIA CONGRESS COMMITTEE",OL,100000,2023-10-11,47,22
"PRESIDENT, ALL INDIA CONGRESS COMMITTEE",OL,100000,2023-10-13,213,22
"PRESIDENT, ALL INDIA CONGRESS COMMITTEE",OL,100000,2023-10-13,213,22
"PRESIDENT, ALL INDIA CONGRESS COMMITTEE",OL,100000,2023-10-13,213,22
"PRESIDENT, ALL INDIA CONGRESS COMMITTEE",OL,100000,2023-10-13,31,22
"PRESIDENT, ALL INDIA CONGRESS COMMITTEE",OL,100000,2023-10-13,31,22
"PRESIDENT, ALL INDIA CONGRESS COMMITTEE",OL,100000,2023-10-13,31,22
"PRESIDENT, ALL INDIA CONGRESS COMMITTEE",OL,100000,2023-10-13,31,22
"PRESIDENT, ALL INDIA CONGRESS COMMITTEE",OL,100000,2023-10-13,31,22
"PRESIDENT, ALL INDIA CONGRESS COMMITTEE",OL,100000,2023-10-13,31,22
BHARAT RASHTRA SAMITHI,OL,100000,2023-10-11,128,22
BHARAT RASHTRA SAMITHI,OL,100000,2023-10-11,128,22
BHARAT RASHTRA SAMITHI,OL,100000,2023-10-11,128,22
BHARAT RASHTRA SAMITHI,OL,100000,2023-10-11,128,22
BHARAT RASHTRA SAMITHI,OL,100000,2023-10-11,128,22
BIJU JANATA DAL,OC,10000000,2023-10-12,102,22
BIJU JANATA DAL,OC,10000000,2023-10-12,102,22
BIJU JANATA DAL,OC,10000000,2023-10-12,102,22
BIJU JANATA DAL,OC,10000000,2023-10-12,102,22
BIJU JANATA DAL,OC,10000000,2023-10-12,102,22
BIJU JANATA DAL,OC,10000000,2023-10-12,102,22
BIJU JANATA DAL,OC,10000000,2023-10-12,102,22
BIJU JANATA DAL,OC,10000000,2023-10-12,102,22
BIJU JANATA DAL,OC,10000000,2023-10-12,102,22
BIJU JANATA DAL,OC,10000000,2023-10-12,102,22
SHIVSENA,OC,10000000,2023-10-12,90,22
SHIVSENA,OC,10000000,2023-10-12,90,22
SHIVSENA,OC,10000000,2023-10-12,90,22
SHIVSENA,OC,10000000,2023-10-12,90,22
SHIVSENA,OC,10000000,2023-10-12,90,22
SHIVSENA,OC,10000000,2023-10-12,90,22
SHIVSENA,OC,10000000,2023-10-12,90,22
SHIVSENA,OC,10000000,2023-10-12,90,22
SHIVSENA,OC,10000000,2023-10-12,90,22
SHIVSENA,OC,10000000,2023-10-12,90,22
SHIVSENA,OC,10000000,2023-10-12,90,22
SHIVSENA,OC,10000000,2023-10-12,90,22
SHIVSENA,OC,10000000,2023-10-12,90,22
SHIVSENA,OC,10000000,2023-10-12,90,22
SHIVSENA,OC,10000000,2023-10-12,90,22
SHIVSENA,OC,10000000,2023-10-12,90,22
SHIVSENA,OC,10000000,2023-10-12,90,22
SHIVSENA,OC,10000000,2023-10-12,90,22
SHIVSENA,OC,10000000,2023-10-12,90,22
SHIVSENA,OC,10000000,2023-10-12,90,22
SHIVSENA,OC,10000000,2023-10-12,90,22
SHIVSENA,OC,10000000,2023-10-12,90,22
SHIVSENA,OC,10000000,2023-10-12,90,22
SHIVSENA,OC,10000000,2023-10-12,90,22
SHIVSENA,OC,10000000,2023-10-12,90,22
SHIVSENA,OC,10000000,2023-10-12,90,22
SHIVSENA,OC,10000000,2023-10-12,90,22
SHIVSENA,OC,10000000,2023-10-12,90,22
SHIVSENA,OC,10000000,2023-10-12,90,22
SHIVSENA,OC,10000000,2023-10-12,90,22
SHIVSENA,OC,10000000,2023-10-12,90,22
SHIVSENA,OC,10000000,2023-10-12,90,22
SHIVSENA,OC,10000000,2023-10-12,90,22
SHIVSENA,OC,10000000,2023-10-12,90,22
SHIVSENA,TT,10000,2023-10-11,260,22
SHIVSENA,TT,10000,2023-10-11,260,22
SHIVSENA,TT,10000,2023-10-11,260,22
SHIVSENA,TT,10000,2023-10-11,260,22
SHIVSENA,TT,10000,2023-10-11,260,22
SHIVSENA,TT,10000,2023-10-11,260,22
SHIVSENA,OT,1000,2023-10-11,260,22
SHIVSENA,OT,1000,2023-10-11,260,22
SHIVSENA,OT,1000,2023-10-11,260,22
SHIVSENA,OT,1000,2023-10-11,260,22
SHIVSENA,OT,1000,2023-10-11,260,22
SHIVSENA,OT,1000,2023-10-11,260,22
SHIVSENA,OT,1000,2023-10-11,260,22
SHIVSENA,OT,1000,2023-10-11,260,22
BHARATIYA JANATA PARTY,OC,10000000,2023-10-12,116,22
BHARATIYA JANATA PARTY,OC,10000000,2023-10-12,116,22
BHARATIYA JANATA PARTY,OC,10000000,2023-10-12,116,22
BHARATIYA JANATA PARTY,OC,10000000,2023-10-12,116,22
BHARATIYA JANATA PARTY,OC,10000000,2023-10-12,116,22
BHARATIYA JANATA PARTY,OC,10000000,2023-10-12,116,22
BHARATIYA JANATA PARTY,OC,10000000,2023-10-12,116,22
BHARATIYA JANATA PARTY,OC,10000000,2023-10-12,116,22
BHARATIYA JANATA PARTY,OC,10000000,2023-10-12,116,22
BHARATIYA JANATA PARTY,OC,10000000,2023-10-12,116,22
SHIVSENA,OC,10000000,2023-10-12,90,22
SHIVSENA,TL,1000000,2023-10-11,260,22
SHIVSENA,OL,100000,2023-10-11,260,22
SHIVSENA,OL,100000,2023-10-11,260,22
ALL INDIA TRINAMOOL CONGRESS,TL,1000000,2023-10-13,175,22
ALL INDIA TRINAMOOL CONGRESS,TL,1000000,2023-10-13,175,22
ALL INDIA TRINAMOOL CONGRESS,TL,1000000,2023-10-13,175,22
ALL INDIA TRINAMOOL CONGRESS,TL,1000000,2023-10-13,175,22
ALL INDIA TRINAMOOL CONGRESS,TL,1000000,2023-10-13,175,22
ALL INDIA TRINAMOOL CONGRESS,TL,1000000,2023-10-13,175,22
"PRESIDENT, ALL INDIA CONGRESS COMMITTEE",OC,10000000,2023-10-12,90,22
"PRESIDENT, ALL INDIA CONGRESS COMMITTEE",OC,10000000,2023-10-12,90,22
ALL INDIA TRINAMOOL CONGRESS,OC,10000000,2023-10-12,61,22
ALL INDIA TRINAMOOL CONGRESS,TL,1000000,2023-10-12,61,22
ALL INDIA TRINAMOOL CONGRESS,TL,1000000,2023-10-12,61,22
ALL INDIA TRINAMOOL CONGRESS,TL,1000000,2023-10-12,61,22
ALL INDIA TRINAMOOL CONGRESS,TL,1000000,2023-10-12,61,22
ALL INDIA TRINAMOOL CONGRESS,TL,1000000,2023-10-12,61,22
ALL INDIA TRINAMOOL CONGRESS,TL,1000000,2023-10-12,61,22
ALL INDIA TRINAMOOL CONGRESS,TL,1000000,2023-10-12,61,22
"PRESIDENT, ALL INDIA CONGRESS COMMITTEE",OC,10000000,2023-11-08,167,23
"PRESIDENT, ALL INDIA CONGRESS COMMITTEE",OC,10000000,2023-11-08,167,23
"PRESIDENT, ALL INDIA CONGRESS COMMITTEE",OC,10000000,2023-11-08,167,23
"PRESIDENT, ALL INDIA CONGRESS COMMITTEE",OC,10000000,2023-11-08,167,23
"PRESIDENT, ALL INDIA CONGRESS COMMITTEE",OC,10000000,2023-11-08,167,23
"PRESIDENT, ALL INDIA CONGRESS COMMITTEE",OC,10000000,2023-11-08,167,23
"PRESIDENT, ALL INDIA CONGRESS COMMITTEE",OC,10000000,2023-11-08,167,23
"PRESIDENT, ALL INDIA CONGRESS COMMITTEE",OC,10000000,2023-11-08,167,23
"PRESIDENT, ALL INDIA CONGRESS COMMITTEE",OC,10000000,2023-11-08,167,23
"PRESIDENT, ALL INDIA CONGRESS COMMITTEE",OC,10000000,2023-11-08,167,23
"PRESIDENT, ALL INDIA CONGRESS COMMITTEE",OC,10000000,2023-11-08,167,23
"PRESIDENT, ALL INDIA CONGRESS COMMITTEE",OC,10000000,2023-11-08,167,23
"PRESIDENT, ALL INDIA CONGRESS COMMITTEE",OC,10000000,2023-11-08,167,23
"PRESIDENT, ALL INDIA CONGRESS COMMITTEE",OC,10000000,2023-11-08,167,23
"PRESIDENT, ALL INDIA CONGRESS COMMITTEE",OC,10000000,2023-11-08,167,23
"PRESIDENT, ALL INDIA CONGRESS COMMITTEE",OC,10000000,2023-11-10,167,23
"PRESIDENT, ALL INDIA CONGRESS COMMITTEE",OC,10000000,2023-11-10,167,23
"PRESIDENT, ALL INDIA CONGRESS COMMITTEE",OC,10000000,2023-11-10,167,23
"PRESIDENT, ALL INDIA CONGRESS COMMITTEE",OC,10000000,2023-11-10,167,23
"PRESIDENT, ALL INDIA CONGRESS COMMITTEE",OC,10000000,2023-11-10,167,23
"PRESIDENT, ALL INDIA CONGRESS COMMITTEE",OC,10000000,2023-11-10,167,23
"PRESIDENT, ALL INDIA CONGRESS COMMITTEE",OC,10000000,2023-11-10,167,23
"PRESIDENT, ALL INDIA CONGRESS COMMITTEE",OC,10000000,2023-11-10,167,23
"PRESIDENT, ALL INDIA CONGRESS COMMITTEE",OC,10000000,2023-11-10,167,23
"PRESIDENT, ALL INDIA CONGRESS COMMITTEE",OC,10000000,2023-11-10,167,23
"PRESIDENT, ALL INDIA CONGRESS COMMITTEE",OC,10000000,2023-11-10,167,23
"PRESIDENT, ALL INDIA CONGRESS COMMITTEE",OC,10000000,2023-11-10,167,23
"PRESIDENT, ALL INDIA CONGRESS COMMITTEE",OC,10000000,2023-11-10,167,23
"PRESIDENT, ALL INDIA CONGRESS COMMITTEE",OC,10000000,2023-11-10,167,23
"PRESIDENT, ALL INDIA CONGRESS COMMITTEE",OC,10000000,2023-11-10,167,23
BHARATIYA JANATA PARTY,OC,10000000,2023-11-15,38,23
BHARATIYA JANATA PARTY,OC,10000000,2023-11-15,38,23
BHARATIYA JANATA PARTY,OC,10000000,2023-11-15,38,23
BHARATIYA JANATA PARTY,OC,10000000,2023-11-16,167,23
BHARATIYA JANATA PARTY,OC,10000000,2023-11-16,167,23
BHARATIYA JANATA PARTY,OC,10000000,2023-11-16,167,23
BHARATIYA JANATA PARTY,OC,10000000,2023-11-16,167,23
BHARATIYA JANATA PARTY,OC,10000000,2023-11-16,167,23
BHARATIYA JANATA PARTY,OC,10000000,2023-11-17,237,23
BHARATIYA JANATA PARTY,OC,10000000,2023-11-17,237,23
BHARATIYA JANATA PARTY,OC,10000000,2023-11-17,237,23
BHARATIYA JANATA PARTY,OC,10000000,2023-11-17,237,23
BHARATIYA JANATA PARTY,OC,10000000,2023-11-17,237,23
BHARATIYA JANATA PARTY,OC,10000000,2023-11-17,237,23
BHARATIYA JANATA PARTY,OC,10000000,2023-11-17,237,23
BHARATIYA JANATA PARTY,OC,10000000,2023-11-17,237,23
BHARATIYA JANATA PARTY,OC,10000000,2023-11-17,237,23
BHARATIYA JANATA PARTY,OC,10000000,2023-11-17,237,23
BHARATIYA JANATA PARTY,OC,10000000,2023-11-17,237,23
BHARATIYA JANATA PARTY,OC,10000000,2023-11-17,237,23
BHARATIYA JANATA PARTY,OC,10000000,2023-11-17,237,23
BHARATIYA JANATA PARTY,OC,10000000,2023-11-17,237,23
BHARATIYA JANATA PARTY,OC,10000000,2023-11-17,237,23
BHARATIYA JANATA PARTY,OC,10000000,2023-11-17,237,23
BHARATIYA JANATA PARTY,OC,10000000,2023-11-17,237,23
BHARATIYA JANATA PARTY,OC,10000000,2023-11-17,237,23
BHARATIYA JANATA PARTY,OC,10000000,2023-11-17,237,23
BHARATIYA JANATA PARTY,OC,10000000,2023-11-17,237,23
BHARATIYA JANATA PARTY,OC,10000000,2023-11-17,237,23
BHARATIYA JANATA PARTY,OC,10000000,2023-11-17,237,23
BHARATIYA JANATA PARTY,OC,10000000,2023-11-17,237,23
BHARATIYA JANATA PARTY,OC,10000000,2023-11-17,237,23
BHARATIYA JANATA PARTY,OC,10000000,2023-11-17,237,23
BIJU JANATA DAL,OC,10000000,2023-11-17,102,23
BIJU JANATA DAL,OC,10000000,2023-11-17,102,23
BIJU JANATA DAL,OC,10000000,2023-11-17,102,23
BIJU JANATA DAL,OC,10000000,2023-11-17,102,23
BIJU JANATA DAL,OC,10000000,2023-11-17,102,23
TELUGU DESAM PARTY,OC,10000000,2023-11-20,294,23
TELUGU DESAM PARTY,OC,10000000,2023-11-20,294,23
BIJU JANATA DAL,OC,10000000,2023-11-15,38,23
BIJU JANATA DAL,OC,10000000,2023-11-15,38,23
BIJU JANATA DAL,OC,10000000,2023-11-15,38,23
BIJU JANATA DAL,OC,10000000,2023-11-15,38,23
BIJU JANATA DAL,OC,10000000,2023-11-15,38,23
BIJU JANATA DAL,OC,10000000,2023-11-15,38,23
BIJU JANATA DAL,OC,10000000,2023-11-15,38,23
BIJU JANATA DAL,OC,10000000,2023-11-15,38,23
BIJU JANATA DAL,OC,10000000,2023-11-15,38,23
BIJU JANATA DAL,OC,10000000,2023-11-15,38,23
BIJU JANATA DAL,OC,10000000,2023-11-15,38,23
BIJU JANATA DAL,OC,10000000,2023-11-15,38,23
BIJU JANATA DAL,OC,10000000,2023-11-15,38,23
BIJU JANATA DAL,OC,10000000,2023-11-15,38,23
BIJU JANATA DAL,OC,10000000,2023-11-15,38,23
BIJU JANATA DAL,OC,10000000,2023-11-15,38,23
BIJU JANATA DAL,OC,10000000,2023-11-15,38,23
BIJU JANATA DAL,OC,10000000,2023-11-15,38,23
BIJU JANATA DAL,OC,10000000,2023-11-15,38,23
BIJU JANATA DAL,OC,10000000,2023-11-15,38,23
BIJU JANATA DAL,OC,10000000,2023-11-15,38,23
BIJU JANATA DAL,OC,10000000,2023-11-15,38,23
BIJU JANATA DAL,OC,10000000,2023-11-15,38,23
BIJU JANATA DAL,OC,10000000,2023-11-15,38,23
BIJU JANATA DAL,OC,10000000,2023-11-15,38,23
BHARATIYA JANATA PARTY,OC,10000000,2023-11-20,44,23
BHARATIYA JANATA PARTY,TL,1000000,2023-11-20,44,23
BHARATIYA JANATA PARTY,TL,1000000,2023-11-20,44,23
BHARATIYA JANATA PARTY,TL,1000000,2023-11-20,44,23
YSR  CONGRESS PARTY  (YUVAJANA SRAMIKA RYTHU CONGRESS PARTY),OC,10000000,2023-11-20,35,23
YSR  CONGRESS PARTY  (YUVAJANA SRAMIKA RYTHU CONGRESS PARTY),OC,10000000,2023-11-20,35,23
YSR  CONGRESS PARTY  (YUVAJANA SRAMIKA RYTHU CONGRESS PARTY),OC,10000000,2023-11-20,35,23
YSR  CONGRESS PARTY  (YUVAJANA SRAMIKA RYTHU CONGRESS PARTY),OC,10000000,2023-11-20,35,23
YSR  CONGRESS PARTY  (YUVAJANA SRAMIKA RYTHU CONGRESS PARTY),OC,10000000,2023-11-20,35,23
YSR  CONGRESS PARTY  (YUVAJANA SRAMIKA RYTHU CONGRESS PARTY),OC,10000000,2023-11-20,35,23
YSR  CONGRESS PARTY  (YUVAJANA SRAMIKA RYTHU CONGRESS PARTY),OC,10000000,2023-11-20,35,23
YSR  CONGRESS PARTY  (YUVAJANA SRAMIKA RYTHU CONGRESS PARTY),OC,10000000,2023-11-20,35,23
YSR  CONGRESS PARTY  (YUVAJANA SRAMIKA RYTHU CONGRESS PARTY),OC,10000000,2023-11-20,35,23
YSR  CONGRESS PARTY  (YUVAJANA SRAMIKA RYTHU CONGRESS PARTY),OC,10000000,2023-11-20,35,23
YSR  CONGRESS PARTY  (YUVAJANA SRAMIKA RYTHU CONGRESS PARTY),OC,10000000,2023-11-20,35,23
YSR  CONGRESS PARTY  (YUVAJANA SRAMIKA RYTHU CONGRESS PARTY),OC,10000000,2023-11-20,35,23
YSR  CONGRESS PARTY  (YUVAJANA SRAMIKA RYTHU CONGRESS PARTY),OC,10000000,2023-11-20,35,23
YSR  CONGRESS PARTY  (YUVAJANA SRAMIKA RYTHU CONGRESS PARTY),OC,10000000,2023-11-20,35,23
YSR  CONGRESS PARTY  (YUVAJANA SRAMIKA RYTHU CONGRESS PARTY),OC,10000000,2023-11-20,35,23
YSR  CONGRESS PARTY  (YUVAJANA SRAMIKA RYTHU CONGRESS PARTY),OC,10000000,2023-11-20,35,23
YSR  CONGRESS PARTY  (YUVAJANA SRAMIKA RYTHU CONGRESS PARTY),OC,10000000,2023-11-20,35,23
ALL INDIA TRINAMOOL CONGRESS,TL,1000000,2024-01-09,111,25
ALL INDIA TRINAMOOL CONGRESS,TL,1000000,2024-01-09,111,25
ALL INDIA TRINAMOOL CONGRESS,TL,1000000,2024-01-09,111,25
ALL INDIA TRINAMOOL CONGRESS,TL,1000000,2024-01-09,111,25
ALL INDIA TRINAMOOL CONGRESS,TL,1000000,2024-01-09,111,25
"PRESIDENT, ALL INDIA CONGRESS COMMITTEE",OC,10000000,2024-01-11,167,25
"PRESIDENT, ALL INDIA CONGRESS COMMITTEE",OC,10000000,2024-01-11,167,25
"PRESIDENT, ALL INDIA CONGRESS COMMITTEE",OC,10000000,2024-01-11,167,25
"PRESIDENT, ALL INDIA CONGRESS COMMITTEE",OC,10000000,2024-01-11,167,25
"PRESIDENT, ALL INDIA CONGRESS COMMITTEE",OC,10000000,2024-01-11,167,25
"PRESIDENT, ALL INDIA CONGRESS COMMITTEE",OC,10000000,2024-01-11,167,25
"PRESIDENT, ALL INDIA CONGRESS COMMITTEE",OC,10000000,2024-01-11,167,25
"PRESIDENT, ALL INDIA CONGRESS COMMITTEE",OC,10000000,2024-01-11,167,25
"PRESIDENT, ALL INDIA CONGRESS COMMITTEE",OC,10000000,2024-01-11,167,25
SHIVSENA,OC,10000000,2024-01-10,90,25
SHIVSENA,OC,10000000,2024-01-10,90,25
SHIVSENA,OC,10000000,2024-01-10,90,25
SHIVSENA,OC,10000000,2024-01-10,90,25
SHIVSENA,OC,10000000,2024-01-10,90,25
SHIVSENA,OC,10000000,2024-01-10,90,25
SHIVSENA,OC,10000000,2024-01-10,90,25
SHIVSENA,OC,10000000,2024-01-10,90,25
SHIVSENA,OC,10000000,2024-01-10,90,25
SHIVSENA,OC,10000000,2024-01-10,90,25
SHIVSENA,OC,10000000,2024-01-10,90,25
SHIVSENA,OC,10000000,2024-01-10,90,25
SHIVSENA,OC,10000000,2024-01-10,90,25
SHIVSENA,OC,10000000,2024-01-10,90,25
SHIVSENA,OC,10000000,2024-01-10,90,25
SHIVSENA,OC,10000000,2024-01-10,90,25
SHIVSENA,OC,10000000,2024-01-10,90,25
SHIVSENA,OC,10000000,2024-01-10,90,25
SHIVSENA,OC,10000000,2024-01-10,90,25
SHIVSENA,OC,10000000,2024-01-10,90,25
SHIVSENA,OC,10000000,2024-01-10,90,25
SHIVSENA,OC,10000000,2024-01-10,90,25
SHIVSENA,OC,10000000,2024-01-10,90,25
SHIVSENA,OC,10000000,2024-01-10,90,25
SHIVSENA,OC,10000000,2024-01-10,90,25
ALL INDIA TRINAMOOL CONGRESS,TL,1000000,2024-01-09,61,25
ALL INDIA TRINAMOOL CONGRESS,TL,1000000,2024-01-09,61,25
ALL INDIA TRINAMOOL CONGRESS,TL,1000000,2024-01-09,61,25
ALL INDIA TRINAMOOL CONGRESS,TL,1000000,2024-01-09,61,25
ALL INDIA TRINAMOOL CONGRESS,TL,1000000,2024-01-09,61,25
ALL INDIA TRINAMOOL CONGRESS,TL,1000000,2024-01-09,61,25
ALL INDIA TRINAMOOL CONGRESS,TL,1000000,2024-01-09,61,25
ALL INDIA TRINAMOOL CONGRESS,TL,1000000,2024-01-09,61,25
BHARATIYA JANATA PARTY,OC,10000000,2024-01-11,343,25
BHARATIYA JANATA PARTY,OC,10000000,2024-01-11,343,25
BHARATIYA JANATA PARTY,OC,10000000,2024-01-11,343,25
BHARATIYA JANATA PARTY,OC,10000000,2024-01-11,343,25
BHARATIYA JANATA PARTY,OC,10000000,2024-01-11,343,25
BHARATIYA JANATA PARTY,OC,10000000,2024-01-11,343,25
BHARATIYA JANATA PARTY,OC,10000000,2024-01-11,343,25
BHARATIYA JANATA PARTY,OC,10000000,2024-01-11,343,25
BHARATIYA JANATA PARTY,OC,10000000,2024-01-11,343,25
BHARATIYA JANATA PARTY,OC,10000000,2024-01-11,343,25
BHARATIYA JANATA PARTY,OC,10000000,2024-01-11,343,25
BHARATIYA JANATA PARTY,OC,10000000,2024-01-11,343,25
BHARATIYA JANATA PARTY,OC,10000000,2024-01-11,343,25
BHARATIYA JANATA PARTY,OC,10000000,2024-01-11,343,25
BHARATIYA JANATA PARTY,OC,10000000,2024-01-11,343,25
BHARATIYA JANATA PARTY,OC,10000000,2024-01-11,343,25
BHARATIYA JANATA PARTY,OC,10000000,2024-01-11,343,25
BHARATIYA JANATA PARTY,OC,10000000,2024-01-11,343,25
BHARATIYA JANATA PARTY,OC,10000000,2024-01-11,343,25
BHARATIYA JANATA PARTY,OC,10000000,2024-01-11,343,25
BHARATIYA JANATA PARTY,OC,10000000,2024-01-11,343,25
BHARATIYA JANATA PARTY,OC,10000000,2024-01-11,343,25
BHARATIYA JANATA PARTY,OC,10000000,2024-01-11,343,25
BHARATIYA JANATA PARTY,OC,10000000,2024-01-11,343,25
BHARATIYA JANATA PARTY,OC,10000000,2024-01-11,343,25
BHARATIYA JANATA PARTY,OC,10000000,2024-01-11,343,25
BHARATIYA JANATA PARTY,OC,10000000,2024-01-11,343,25
BHARATIYA JANATA PARTY,OC,10000000,2024-01-11,343,25
BHARATIYA JANATA PARTY,OC,10000000,2024-01-11,343,25
BHARATIYA JANATA PARTY,OC,10000000,2024-01-11,343,25
BHARATIYA JANATA PARTY,OC,10000000,2024-01-11,343,25
BHARATIYA JANATA PARTY,OC,10000000,2024-01-11,343,25
BHARATIYA JANATA PARTY,OC,10000000,2024-01-11,343,25
BHARATIYA JANATA PARTY,OC,10000000,2024-01-11,343,25
BHARATIYA JANATA PARTY,OC,10000000,2024-01-11,343,25
BHARATIYA JANATA PARTY,OC,10000000,2024-01-11,343,25
BHARATIYA JANATA PARTY,OC,10000000,2024-01-11,343,25
BHARATIYA JANATA PARTY,OC,10000000,2024-01-11,343,25
BHARATIYA JANATA PARTY,OC,10000000,2024-01-11,343,25
BHARATIYA JANATA PARTY,OC,10000000,2024-01-11,343,25
BHARATIYA JANATA PARTY,OC,10000000,2024-01-11,343,25
BHARATIYA JANATA PARTY,OC,10000000,2024-01-11,343,25
BHARATIYA JANATA PARTY,OC,10000000,2024-01-11,343,25
BHARATIYA JANATA PARTY,OC,10000000,2024-01-11,343,25
BHARATIYA JANATA PARTY,OC,10000000,2024-01-11,343,25
BHARATIYA JANATA PARTY,OC,10000000,2024-01-11,343,25
BHARATIYA JANATA PARTY,OC,10000000,2024-01-11,343,25
BHARATIYA JANATA PARTY,OC,10000000,2024-01-11,343,25
BHARATIYA JANATA PARTY,OC,10000000,2024-01-11,343,25
BHARATIYA JANATA PARTY,OC,10000000,2024-01-11,343,25
BHARATIYA JANATA PARTY,OC,10000000,2024-01-11,44,25
